Contact Person,DOB,Phone No.,Enterprise Name,Legal Structure,Business PAN,GSTIN,Udyam Reg. No.,District,State
Rahul Iyer,04-06-1982,+91 86509 33409,Vanguard Agro Mills Pvt Ltd,Pvt Ltd,GOKCV8068W,33GOKCV8068W9ZY,UDYAM-TN-18-2799215,Madurai,Tamil Nadu
Ananya Iyer,23-12-1967,+91 77858 12153,ZenPack Techno Fab LLP,LLP,CIYFZ9743Z,09CIYFZ9743Z5ZV,UDYAM-UP-20-5079649,Varanasi,Uttar Pradesh
Ananya Kulkarni,23-01-2000,+91 72321 96240,Vertex Plastics Enterprises,Enterprises,UQBPK9321W,23UQBPK9321W3Z9,UDYAM-MP-18-7028164,Jabalpur,Madhya Pradesh
Meera Chauhan,24-02-1989,+91 63718 91574,Apex Plastics Enterprises,Enterprises,IMWPC4499E,27IMWPC4499E4Z2,UDYAM-MH-20-5637674,Nashik,Maharashtra
Aarav Gupta,09-07-1996,+91 75924 60924,Precision Textiles Enterprises,Enterprises,PHCPG2004B,36PHCPG2004B6ZN,UDYAM-TS-31-8073423,Nizamabad,Telangana
Rohan Nair,15-08-1980,+91 83819 35509,Lotus Bio Remedies LLP,LLP,IFJFL7932C,27IFJFL7932C2ZB,UDYAM-MH-23-7806635,Nagpur,Maharashtra
Gaurav Bose,05-07-1988,+91 83687 43105,Matrix Solar Solutions Enterprises,Enterprises,ZPEPB6494X,33ZPEPB6494X5ZR,UDYAM-TN-15-1056847,Madurai,Tamil Nadu
Pooja Gupta,23-02-2002,+91 70485 64180,BlueCraft Textiles Enterprises,Enterprises,AKWPG1573W,27AKWPG1573W2Z2,UDYAM-MH-31-3018341,Mumbai,Maharashtra
Rohan Reddy,19-01-1997,+91 68945 72935,Matrix Gear Works LLP,LLP,NTMFM3849U,19NTMFM3849U3ZV,UDYAM-WB-35-1651419,Durgapur,West Bengal
Gaurav Gupta,22-06-1979,+91 86165 23408,Apex Polymers Pvt Ltd,Pvt Ltd,RBECA2788A,19RBECA2788A1Z7,UDYAM-WB-27-8820288,Durgapur,West Bengal
Gaurav Kulkarni,16-07-1984,+91 84034 09665,Apex Gear Works LLP,LLP,HASFA2005J,24HASFA2005J3ZJ,UDYAM-GJ-03-6101581,Vadodara,Gujarat
Meera Verma,02-06-1969,+91 70454 07520,Precision Techno Fab Enterprises,Enterprises,HVMPV9738A,23HVMPV9738A2ZO,UDYAM-MP-29-5310534,Gwalior,Madhya Pradesh
Ananya Sharma,08-09-1991,+91 80514 03146,Surya Agro Mills Enterprises,Enterprises,ERCPS6508Y,19ERCPS6508Y5Z6,UDYAM-WB-16-2400816,Howrah,West Bengal
Nikhil Reddy,16-09-1971,+91 71872 25672,EcoClean Metal Castings LLP,LLP,DIQFE9166S,09DIQFE9166S4ZI,UDYAM-UP-30-5136221,Lucknow,Uttar Pradesh
Aarav Sharma,19-12-1976,+91 65406 01432,EcoClean Solar Solutions LLP,LLP,FPLFE6536W,29FPLFE6536W3Z2,UDYAM-KR-28-1747496,Bengaluru,Karnataka
Siddharth Verma,08-02-1997,+91 72457 28147,Trident Agro Mills Pvt Ltd,Pvt Ltd,UEBCT8701X,32UEBCT8701X1ZO,UDYAM-KL-05-9979095,Ernakulam,Kerala
Nikhil Kulkarni,19-09-1967,+91 85460 90700,Surya Logistics Pvt Ltd,Pvt Ltd,ZHUCS4391J,29ZHUCS4391J7ZD,UDYAM-KR-03-9223829,Bengaluru,Karnataka
Siddharth Bose,12-02-1994,+91 81596 30913,Surya Gear Works Pvt Ltd,Pvt Ltd,VYNCS8571N,27VYNCS8571N2Z2,UDYAM-MH-33-6889006,Nashik,Maharashtra
Rajesh Patel,23-11-1987,+91 85661 81402,Shri Ganesh Bio Remedies Enterprises,Enterprises,GFXPP5196S,36GFXPP5196S4ZY,UDYAM-TS-17-4332504,Warangal,Telangana
Priya Patel,25-08-1989,+91 72747 74099,Surya Textiles LLP,LLP,AMIFS4454U,33AMIFS4454U7Z3,UDYAM-TN-18-8842981,Coimbatore,Tamil Nadu
Vikram Iyer,10-10-1982,+91 69120 34756,Surya Techno Fab LLP,LLP,VSRFS7630J,08VSRFS7630J7ZG,UDYAM-RJ-17-4252668,Jaipur,Rajasthan
Neha Kulkarni,17-07-1987,+91 96326 92910,Vertex Agro Mills Enterprises,Enterprises,LJZPK8484M,08LJZPK8484M7ZU,UDYAM-RJ-31-7169430,Jaipur,Rajasthan
Aarav Kulkarni,03-03-1997,+91 86209 45055,Shri Ganesh Techno Fab Pvt Ltd,Pvt Ltd,SSGCS7231O,36SSGCS7231O6ZE,UDYAM-TS-29-4160172,Nizamabad,Telangana
Rahul Patel,03-07-1979,+91 72649 66856,ZenPack Agro Mills Enterprises,Enterprises,TVCPP7864C,33TVCPP7864C9ZL,UDYAM-TN-01-2993491,Madurai,Tamil Nadu
Nikhil Das,14-11-1981,+91 99145 52690,Surya Textiles Pvt Ltd,Pvt Ltd,MLPCS6549E,24MLPCS6549E1ZK,UDYAM-GJ-21-5701937,Ahmedabad,Gujarat
Pooja Verma,02-01-1991,+91 80320 09620,Vertex Techno Fab Enterprises,Enterprises,WVCPV3592R,08WVCPV3592R2ZK,UDYAM-RJ-23-9543314,Kota,Rajasthan
Aarav Joshi,11-12-1981,+91 62326 00842,Matrix Agro Mills LLP,LLP,ETIFM8903M,27ETIFM8903M1Z0,UDYAM-MH-29-8828803,Nagpur,Maharashtra
Nikhil Chauhan,21-12-2002,+91 64550 54437,Lotus Polymers LLP,LLP,OKHFL8099H,36OKHFL8099H1ZQ,UDYAM-TS-32-3907324,Nizamabad,Telangana
Tanvi Mehta,15-09-1966,+91 83969 65593,Trident Polymers LLP,LLP,AUHFT8610J,27AUHFT8610J6ZZ,UDYAM-MH-34-1831414,Pune,Maharashtra
Rohan Reddy,21-09-1976,+91 68669 94657,Vanguard Gear Works Enterprises,Enterprises,DWYPR7243Y,19DWYPR7243Y1ZM,UDYAM-WB-29-7089115,Durgapur,West Bengal
Tanvi Gupta,11-05-1993,+91 91831 43185,Nova Textiles Pvt Ltd,Pvt Ltd,CHZCN4589K,27CHZCN4589K9ZA,UDYAM-MH-24-3368465,Nagpur,Maharashtra
Arjun Patel,27-10-1981,+91 71675 63122,Apex Agro Mills LLP,LLP,EIIFA4279C,33EIIFA4279C7Z0,UDYAM-TN-16-4180986,Madurai,Tamil Nadu
Priya Mehta,03-09-1979,+91 92208 43675,BlueCraft Solar Solutions Enterprises,Enterprises,MWWPM4574F,24MWWPM4574F1Z9,UDYAM-GJ-11-5457151,Surat,Gujarat
Rahul Iyer,06-10-1966,+91 62945 83943,Lotus Agro Mills Pvt Ltd,Pvt Ltd,ABNCL1554D,32ABNCL1554D3Z1,UDYAM-KL-04-7324437,Thiruvananthapuram,Kerala
Gaurav Chauhan,09-03-2000,+91 97194 01190,Matrix Techno Fab LLP,LLP,ZFEFM7311C,24ZFEFM7311C6Z7,UDYAM-GJ-03-8211492,Vadodara,Gujarat
Priya Verma,24-07-1997,+91 82212 08434,Vertex Polymers Enterprises,Enterprises,XPMPV9520W,08XPMPV9520W8Z7,UDYAM-RJ-06-8375204,Jodhpur,Rajasthan
Nikhil Chatterjee,17-06-1969,+91 79052 14741,Lotus Agro Mills LLP,LLP,KTVFL1593D,24KTVFL1593D9ZX,UDYAM-GJ-19-6960571,Surat,Gujarat
Rajesh Chauhan,18-03-1990,+91 97181 19438,Pioneer Metal Castings Pvt Ltd,Pvt Ltd,JONCP7182C,27JONCP7182C5ZP,UDYAM-MH-17-2681017,Nashik,Maharashtra
Ananya Reddy,26-06-1998,+91 84855 00364,ZenPack Logistics LLP,LLP,KPJFZ9194I,23KPJFZ9194I6Z2,UDYAM-MP-21-7962323,Jabalpur,Madhya Pradesh
Sneha Nair,15-07-1989,+91 86209 09943,Apex Polymers Pvt Ltd,Pvt Ltd,HINCA8017E,23HINCA8017E1Z1,UDYAM-MP-15-3762805,Bhopal,Madhya Pradesh
Vikram Reddy,16-08-1971,+91 89000 31370,Trident Bio Remedies Enterprises,Enterprises,NAUPR9097E,24NAUPR9097E1Z0,UDYAM-GJ-26-8289168,Ahmedabad,Gujarat
Meera Mehta,13-02-1993,+91 85537 99773,Shri Ganesh Techno Fab Enterprises,Enterprises,ODEPM3813A,23ODEPM3813A9ZY,UDYAM-MP-29-3604155,Jabalpur,Madhya Pradesh
Aarav Patel,27-02-1965,+91 88730 46167,EcoClean Techno Fab Enterprises,Enterprises,KKUPP3456H,36KKUPP3456H4Z9,UDYAM-TS-22-1910264,Hyderabad,Telangana
Nikhil Sharma,06-03-1971,+91 89469 06743,Pioneer Textiles Enterprises,Enterprises,LGGPS6789H,24LGGPS6789H1ZX,UDYAM-GJ-03-6258766,Ahmedabad,Gujarat
Aarav Das,13-08-1967,+91 76552 46122,Apex Textiles Pvt Ltd,Pvt Ltd,QXMCA9815R,19QXMCA9815R1Z8,UDYAM-WB-26-1327698,Howrah,West Bengal
Rahul Sharma,31-01-1967,+91 66816 36855,Vanguard Techno Fab LLP,LLP,OFHFV7933Y,29OFHFV7933Y8ZJ,UDYAM-KR-06-6669958,Mysuru,Karnataka
Neha Singh,25-06-1986,+91 99083 97825,Vertex Bio Remedies Enterprises,Enterprises,SZHPS8650Z,09SZHPS8650Z2ZH,UDYAM-UP-22-3612747,Kanpur,Uttar Pradesh
Neha Nair,24-02-1988,+91 77208 80332,Precision Polymers LLP,LLP,JVFFP9719F,36JVFFP9719F5ZX,UDYAM-TS-24-4971824,Hyderabad,Telangana
Sneha Joshi,28-06-1997,+91 84543 26892,ZenPack Logistics Enterprises,Enterprises,JJDPJ2462U,08JJDPJ2462U1ZE,UDYAM-RJ-32-5263023,Udaipur,Rajasthan
Vikram Reddy,30-04-1982,+91 76099 76539,Apex Bio Remedies LLP,LLP,XGQFA9084S,08XGQFA9084S1ZT,UDYAM-RJ-17-6001529,Kota,Rajasthan
Rahul Kulkarni,24-05-1969,+91 84900 99667,Matrix Infotech Pvt Ltd,Pvt Ltd,GXECM3435P,27GXECM3435P3ZP,UDYAM-MH-19-6347442,Mumbai,Maharashtra
Rajesh Reddy,07-02-1976,+91 74107 09820,Apex Metal Castings LLP,LLP,ZGMFA6939A,09ZGMFA6939A5ZR,UDYAM-UP-20-1913404,Lucknow,Uttar Pradesh
Arjun Chatterjee,26-06-1968,+91 93327 23683,EcoClean Gear Works Pvt Ltd,Pvt Ltd,QRTCE1447O,36QRTCE1447O5ZG,UDYAM-TS-17-9815429,Hyderabad,Telangana
Arjun Sharma,28-09-1981,+91 71138 61655,Nova Plastics Pvt Ltd,Pvt Ltd,RHSCN8072X,24RHSCN8072X2ZX,UDYAM-GJ-08-9033885,Vadodara,Gujarat
Pooja Iyer,20-01-1977,+91 86667 06125,Shri Ganesh Logistics Pvt Ltd,Pvt Ltd,VTVCS2815Y,19VTVCS2815Y8ZL,UDYAM-WB-23-3359528,Durgapur,West Bengal
Rahul Chatterjee,13-03-1981,+91 94720 83569,Nova Polymers LLP,LLP,VRGFN1554X,29VRGFN1554X9ZA,UDYAM-KR-31-6133726,Bengaluru,Karnataka
Neha Gupta,24-05-1983,+91 71739 24211,Precision Agro Mills Pvt Ltd,Pvt Ltd,DDECP6769E,29DDECP6769E3Z7,UDYAM-KR-01-3867752,Mysuru,Karnataka
Rohan Mehta,22-11-1991,+91 98878 59326,Apex Metal Castings Pvt Ltd,Pvt Ltd,QLMCA3234H,36QLMCA3234H9ZV,UDYAM-TS-02-9378650,Warangal,Telangana
Priya Reddy,23-10-1998,+91 68696 09443,Trident Techno Fab Enterprises,Enterprises,NRDPR3812X,09NRDPR3812X2ZU,UDYAM-UP-05-8165582,Lucknow,Uttar Pradesh
Meera Patel,07-07-1977,+91 66295 75199,Trident Logistics Enterprises,Enterprises,CFBPP2921J,27CFBPP2921J5ZB,UDYAM-MH-26-1012652,Nashik,Maharashtra
Pooja Nair,05-08-1983,+91 75319 05869,Apex Gear Works Pvt Ltd,Pvt Ltd,KNACA9562Y,23KNACA9562Y4Z0,UDYAM-MP-07-5248935,Gwalior,Madhya Pradesh
Rajesh Verma,14-02-1971,+91 91005 76902,Matrix Logistics Enterprises,Enterprises,YBFPV7344S,09YBFPV7344S6ZZ,UDYAM-UP-08-7364706,Noida,Uttar Pradesh
Arjun Patel,10-05-2001,+91 87390 83470,Nova Solar Solutions Pvt Ltd,Pvt Ltd,FKYCN3429P,33FKYCN3429P4ZC,UDYAM-TN-16-8655974,Coimbatore,Tamil Nadu
Rajesh Iyer,16-03-1978,+91 64589 16104,ZenPack Polymers Pvt Ltd,Pvt Ltd,FWXCZ5934V,23FWXCZ5934V9ZZ,UDYAM-MP-26-9214352,Bhopal,Madhya Pradesh
Nikhil Singh,09-08-1984,+91 89831 12658,Surya Plastics Enterprises,Enterprises,YUYPS9590M,08YUYPS9590M1ZX,UDYAM-RJ-03-4401368,Udaipur,Rajasthan
Tanvi Verma,10-12-1997,+91 95794 94071,Precision Textiles LLP,LLP,MFYFP6694K,36MFYFP6694K8ZO,UDYAM-TS-25-9098119,Warangal,Telangana
Gaurav Mehta,30-08-1990,+91 88328 57107,Shri Ganesh Polymers LLP,LLP,AMNFS9772O,27AMNFS9772O9ZF,UDYAM-MH-05-9343175,Mumbai,Maharashtra
Tanvi Joshi,12-07-1976,+91 77172 96041,Matrix Agro Mills Enterprises,Enterprises,WZZPJ8579U,33WZZPJ8579U6ZC,UDYAM-TN-28-4129241,Coimbatore,Tamil Nadu
Sneha Iyer,18-07-1990,+91 81704 35195,Surya Bio Remedies Enterprises,Enterprises,KPTPI3996Q,32KPTPI3996Q8ZS,UDYAM-KL-34-8691370,Kozhikode,Kerala
Rajesh Bose,14-05-2000,+91 61480 38328,Vanguard Techno Fab LLP,LLP,KIFFV3403N,32KIFFV3403N3Z5,UDYAM-KL-35-8269437,Thiruvananthapuram,Kerala
Sneha Iyer,02-08-1980,+91 64876 69431,Precision Metal Castings Pvt Ltd,Pvt Ltd,ETOCP4145N,27ETOCP4145N9ZU,UDYAM-MH-01-7347058,Mumbai,Maharashtra
Gaurav Verma,11-12-1978,+91 93838 39489,EcoClean Infotech Pvt Ltd,Pvt Ltd,FPBCE7817S,36FPBCE7817S4Z1,UDYAM-TS-09-7103122,Nizamabad,Telangana
Rohan Kulkarni,06-10-1990,+91 61038 89653,ZenPack Gear Works Pvt Ltd,Pvt Ltd,ETICZ4784H,23ETICZ4784H6ZQ,UDYAM-MP-06-5046692,Gwalior,Madhya Pradesh
Vikram Chatterjee,10-02-1968,+91 94933 36924,Lotus Gear Works LLP,LLP,WVTFL4011D,29WVTFL4011D4ZV,UDYAM-KR-08-1873055,Mangaluru,Karnataka
Ananya Das,23-02-1968,+91 60230 30701,Pioneer Plastics Enterprises,Enterprises,IJMPD6505Z,19IJMPD6505Z2ZS,UDYAM-WB-25-2875717,Durgapur,West Bengal
Arjun Bose,08-03-1983,+91 73915 80605,EcoClean Bio Remedies LLP,LLP,BLTFE1249S,23BLTFE1249S6Z0,UDYAM-MP-05-8893644,Gwalior,Madhya Pradesh
Aarav Reddy,30-03-1965,+91 68874 81503,Lotus Solar Solutions LLP,LLP,BICFL4727I,09BICFL4727I8Z7,UDYAM-UP-29-5539967,Lucknow,Uttar Pradesh
Pooja Gupta,24-11-1991,+91 99515 32417,Trident Techno Fab Pvt Ltd,Pvt Ltd,OFYCT3421F,09OFYCT3421F8Z5,UDYAM-UP-01-9778819,Lucknow,Uttar Pradesh
Aarav Chauhan,07-02-1972,+91 64528 16068,Lotus Agro Mills Pvt Ltd,Pvt Ltd,FMNCL7745Z,32FMNCL7745Z4ZX,UDYAM-KL-18-2002958,Thiruvananthapuram,Kerala
Rajesh Das,11-06-1978,+91 81003 16501,Evergreen Textiles LLP,LLP,CXFFE2198D,29CXFFE2198D1ZY,UDYAM-KR-07-1629824,Bengaluru,Karnataka
Meera Patel,22-10-1986,+91 61815 29890,Apex Polymers Enterprises,Enterprises,YJZPP4923C,08YJZPP4923C6ZM,UDYAM-RJ-16-9015425,Udaipur,Rajasthan
Rahul Singh,07-02-2002,+91 90010 46721,Evergreen Solar Solutions Enterprises,Enterprises,LJIPS1514F,33LJIPS1514F1Z8,UDYAM-TN-18-4392658,Coimbatore,Tamil Nadu
Priya Mehta,18-08-1990,+91 73917 20377,Vertex Textiles LLP,LLP,UHXFV1519U,19UHXFV1519U9ZA,UDYAM-WB-17-4516338,Howrah,West Bengal
Vikram Chatterjee,07-07-1968,+91 87547 69972,Pioneer Logistics LLP,LLP,XKPFP5121M,23XKPFP5121M3ZA,UDYAM-MP-27-7937388,Bhopal,Madhya Pradesh
Priya Iyer,07-11-1982,+91 96815 58886,Surya Logistics Pvt Ltd,Pvt Ltd,JYTCS2745L,08JYTCS2745L9ZB,UDYAM-RJ-24-5207673,Jaipur,Rajasthan
Rajesh Gupta,24-12-1985,+91 63436 53369,Vanguard Agro Mills Pvt Ltd,Pvt Ltd,ZXVCV7957R,36ZXVCV7957R2ZN,UDYAM-TS-24-4084702,Nizamabad,Telangana
Rohan Verma,08-10-1985,+91 79713 54129,BlueCraft Agro Mills Enterprises,Enterprises,OXMPV7637R,36OXMPV7637R8ZT,UDYAM-TS-02-7278716,Nizamabad,Telangana
Ananya Das,07-09-1990,+91 75534 36993,Surya Logistics Enterprises,Enterprises,NSLPD1744Y,36NSLPD1744Y3ZV,UDYAM-TS-10-6306159,Nizamabad,Telangana
Aarav Singh,18-01-1991,+91 87384 56887,Matrix Techno Fab Pvt Ltd,Pvt Ltd,PQRCM2485F,32PQRCM2485F7Z7,UDYAM-KL-11-4241490,Kozhikode,Kerala
Sneha Nair,14-12-1988,+91 77878 58497,Evergreen Infotech Enterprises,Enterprises,FOXPN4265I,32FOXPN4265I4ZS,UDYAM-KL-20-7931706,Kozhikode,Kerala
Arjun Bose,16-10-1969,+91 66985 36477,Evergreen Metal Castings LLP,LLP,YVJFE6505G,29YVJFE6505G3Z9,UDYAM-KR-34-4924315,Hubballi,Karnataka
Pooja Iyer,16-07-1973,+91 72946 49294,Precision Techno Fab Enterprises,Enterprises,ZHAPI2524F,19ZHAPI2524F5Z4,UDYAM-WB-31-7292188,Siliguri,West Bengal
Neha Chatterjee,04-06-1989,+91 72389 38018,Vanguard Polymers Enterprises,Enterprises,PIGPC1888R,23PIGPC1888R7ZC,UDYAM-MP-35-3307839,Jabalpur,Madhya Pradesh
Pooja Das,21-12-1974,+91 98131 88034,ZenPack Logistics Enterprises,Enterprises,WTXPD2359J,33WTXPD2359J7Z5,UDYAM-TN-27-7184691,Salem,Tamil Nadu
Arjun Nair,27-05-1983,+91 90256 63291,Evergreen Metal Castings LLP,LLP,SWCFE1379R,24SWCFE1379R2Z2,UDYAM-GJ-06-1434352,Surat,Gujarat
Neha Verma,03-07-1986,+91 75337 80635,Shri Ganesh Plastics Pvt Ltd,Pvt Ltd,ONRCS4206S,27ONRCS4206S3ZS,UDYAM-MH-01-3427324,Mumbai,Maharashtra
Sneha Kulkarni,17-09-1971,+91 70013 70059,Matrix Bio Remedies Enterprises,Enterprises,WHOPK8235K,08WHOPK8235K1ZR,UDYAM-RJ-35-1535361,Kota,Rajasthan
Vikram Mehta,03-06-1969,+91 76508 80360,Matrix Techno Fab Pvt Ltd,Pvt Ltd,WGKCM7122C,09WGKCM7122C5ZJ,UDYAM-UP-05-9648927,Lucknow,Uttar Pradesh
Nikhil Mehta,21-06-1991,+91 96713 12485,Matrix Infotech Enterprises,Enterprises,KCOPM7174Q,32KCOPM7174Q8ZT,UDYAM-KL-26-9786280,Kozhikode,Kerala
Gaurav Singh,14-02-1990,+91 66670 54994,Lotus Polymers Enterprises,Enterprises,SJDPS3563O,27SJDPS3563O4ZK,UDYAM-MH-19-3513512,Pune,Maharashtra
Gaurav Patel,20-12-1999,+91 81388 46814,Vanguard Metal Castings LLP,LLP,EYDFV2663G,33EYDFV2663G5Z2,UDYAM-TN-02-3509083,Madurai,Tamil Nadu
Pooja Verma,28-08-1996,+91 93854 77077,Shri Ganesh Techno Fab LLP,LLP,KPEFS5262Z,29KPEFS5262Z3ZH,UDYAM-KR-24-4945724,Mangaluru,Karnataka
Rohan Reddy,26-09-1968,+91 86747 38000,EcoClean Textiles LLP,LLP,NSUFE3707W,19NSUFE3707W9Z7,UDYAM-WB-15-6192730,Kolkata,West Bengal
Vikram Iyer,30-12-1991,+91 73388 75969,ZenPack Infotech Enterprises,Enterprises,RZGPI2580L,19RZGPI2580L7ZN,UDYAM-WB-19-1434452,Kolkata,West Bengal
Pooja Reddy,07-09-1991,+91 79896 51640,Apex Solar Solutions Pvt Ltd,Pvt Ltd,DEECA8320O,36DEECA8320O4ZS,UDYAM-TS-05-1268763,Warangal,Telangana
Priya Das,01-06-1968,+91 89519 93978,BlueCraft Solar Solutions Enterprises,Enterprises,QJVPD6797Z,29QJVPD6797Z3ZA,UDYAM-KR-02-6645871,Mangaluru,Karnataka
Neha Mehta,29-08-1984,+91 80718 47138,Surya Logistics LLP,LLP,MGGFS3118X,36MGGFS3118X5ZK,UDYAM-TS-11-1542567,Hyderabad,Telangana
Sneha Chauhan,29-10-1972,+91 83630 53231,Trident Gear Works Enterprises,Enterprises,IPWPC8591I,27IPWPC8591I7ZT,UDYAM-MH-24-5127943,Nashik,Maharashtra
Arjun Mehta,24-11-1985,+91 67550 57787,EcoClean Solar Solutions LLP,LLP,EDGFE5221H,36EDGFE5221H9ZM,UDYAM-TS-23-1121826,Nizamabad,Telangana
Nikhil Reddy,18-02-1993,+91 86848 51355,BlueCraft Solar Solutions Pvt Ltd,Pvt Ltd,GSICB6952P,19GSICB6952P8ZR,UDYAM-WB-21-6805689,Durgapur,West Bengal
Rajesh Reddy,14-12-1985,+91 70415 68652,Precision Plastics Enterprises,Enterprises,MCWPR4781L,33MCWPR4781L6ZW,UDYAM-TN-01-9776941,Coimbatore,Tamil Nadu
Neha Singh,16-12-1997,+91 72380 38437,Lotus Bio Remedies Pvt Ltd,Pvt Ltd,VSTCL2619X,27VSTCL2619X9ZM,UDYAM-MH-19-4259875,Mumbai,Maharashtra
Tanvi Iyer,08-01-1997,+91 73637 62557,Pioneer Plastics Enterprises,Enterprises,BBGPI3778Q,32BBGPI3778Q1ZN,UDYAM-KL-08-8940179,Thiruvananthapuram,Kerala
Rohan Chatterjee,15-03-1968,+91 84763 58336,Pioneer Logistics LLP,LLP,JZRFP5465W,27JZRFP5465W8ZE,UDYAM-MH-13-3598783,Mumbai,Maharashtra
Gaurav Bose,12-05-1978,+91 64870 48279,Lotus Agro Mills Enterprises,Enterprises,EKAPB9040R,33EKAPB9040R7ZK,UDYAM-TN-20-4592225,Chennai,Tamil Nadu
Sneha Patel,04-07-1981,+91 80787 90138,Nova Solar Solutions Pvt Ltd,Pvt Ltd,GXJCN3709Z,19GXJCN3709Z9Z1,UDYAM-WB-23-8309907,Siliguri,West Bengal
Neha Verma,14-09-1972,+91 81566 50958,Vertex Agro Mills Enterprises,Enterprises,TFZPV3733T,36TFZPV3733T5ZB,UDYAM-TS-06-7880365,Hyderabad,Telangana
Arjun Patel,21-04-1981,+91 99914 27921,Evergreen Agro Mills LLP,LLP,CVAFE7850A,08CVAFE7850A9ZR,UDYAM-RJ-09-5071956,Udaipur,Rajasthan
Rohan Patel,08-11-1966,+91 78961 22498,Apex Gear Works Enterprises,Enterprises,ISNPP6239Q,09ISNPP6239Q6ZZ,UDYAM-UP-19-5844490,Varanasi,Uttar Pradesh
Priya Sharma,31-03-1980,+91 82710 53504,Evergreen Bio Remedies Enterprises,Enterprises,RAPPS8841B,36RAPPS8841B3Z7,UDYAM-TS-01-8505714,Nizamabad,Telangana
Rohan Singh,19-03-1992,+91 98233 68806,Shri Ganesh Agro Mills Pvt Ltd,Pvt Ltd,LLFCS6045H,32LLFCS6045H7ZA,UDYAM-KL-29-6173885,Thiruvananthapuram,Kerala
Siddharth Verma,04-08-1969,+91 63917 70415,BlueCraft Polymers Enterprises,Enterprises,XFQPV3944T,33XFQPV3944T7ZF,UDYAM-TN-01-9668840,Salem,Tamil Nadu
Ananya Singh,03-12-1986,+91 85210 55060,Precision Textiles Enterprises,Enterprises,GMPPS8921I,27GMPPS8921I2ZO,UDYAM-MH-05-6839093,Nashik,Maharashtra
Nikhil Mehta,29-11-1996,+91 92707 45847,Apex Agro Mills LLP,LLP,AFPFA6807Q,36AFPFA6807Q9ZZ,UDYAM-TS-04-5678810,Warangal,Telangana
Siddharth Joshi,10-12-1980,+91 61389 23271,ZenPack Metal Castings Enterprises,Enterprises,WVMPJ5442C,23WVMPJ5442C4Z9,UDYAM-MP-09-7792489,Indore,Madhya Pradesh
Rohan Bose,09-04-1989,+91 61291 07780,Matrix Bio Remedies Pvt Ltd,Pvt Ltd,MTRCM2102K,36MTRCM2102K5ZC,UDYAM-TS-35-8015894,Hyderabad,Telangana
Rahul Iyer,06-06-1996,+91 99508 04146,Vertex Logistics Pvt Ltd,Pvt Ltd,WKHCV9287K,24WKHCV9287K3ZP,UDYAM-GJ-33-6799078,Surat,Gujarat
Pooja Reddy,05-05-1976,+91 87287 94473,Lotus Logistics Pvt Ltd,Pvt Ltd,XXMCL6505A,29XXMCL6505A4ZT,UDYAM-KR-03-5397077,Mysuru,Karnataka
Nikhil Bose,04-07-1977,+91 62400 55151,Surya Metal Castings LLP,LLP,FCEFS5347C,08FCEFS5347C6Z9,UDYAM-RJ-02-2555857,Jodhpur,Rajasthan
Rajesh Iyer,10-06-1993,+91 87934 89661,Matrix Plastics Enterprises,Enterprises,KAJPI9588H,24KAJPI9588H2ZY,UDYAM-GJ-11-1532713,Ahmedabad,Gujarat
Gaurav Gupta,31-12-1995,+91 73345 76955,EcoClean Logistics Pvt Ltd,Pvt Ltd,INOCE2664O,36INOCE2664O7ZP,UDYAM-TS-20-9493459,Hyderabad,Telangana
Siddharth Das,14-09-1979,+91 66639 21134,Pioneer Solar Solutions LLP,LLP,FTXFP9520J,36FTXFP9520J3Z2,UDYAM-TS-35-1583418,Nizamabad,Telangana
Aarav Chauhan,17-02-1966,+91 90363 30127,Surya Bio Remedies Pvt Ltd,Pvt Ltd,ZYICS5821O,33ZYICS5821O5ZE,UDYAM-TN-19-3146982,Madurai,Tamil Nadu
Rohan Singh,28-01-2000,+91 64739 73316,EcoClean Polymers LLP,LLP,WNSFE9042H,27WNSFE9042H9ZB,UDYAM-MH-23-9918444,Mumbai,Maharashtra
Gaurav Chauhan,22-08-1981,+91 90453 61924,Shri Ganesh Metal Castings LLP,LLP,HOEFS7884U,29HOEFS7884U3ZK,UDYAM-KR-05-3567105,Hubballi,Karnataka
Neha Chatterjee,08-03-1980,+91 91089 00047,ZenPack Metal Castings LLP,LLP,ZTWFZ8846U,09ZTWFZ8846U3ZA,UDYAM-UP-19-8738849,Lucknow,Uttar Pradesh
Vikram Patel,22-09-1976,+91 94959 80869,Vanguard Plastics LLP,LLP,MLZFV2386J,33MLZFV2386J6ZC,UDYAM-TN-15-8353348,Salem,Tamil Nadu
Sneha Gupta,27-10-1991,+91 71824 77129,ZenPack Gear Works LLP,LLP,FSLFZ2239I,24FSLFZ2239I7Z2,UDYAM-GJ-33-2500986,Surat,Gujarat
Gaurav Sharma,09-08-1997,+91 77321 27049,Nova Polymers LLP,LLP,RKEFN3225O,09RKEFN3225O8ZV,UDYAM-UP-21-8342240,Varanasi,Uttar Pradesh
Gaurav Kulkarni,20-10-1976,+91 77415 22456,EcoClean Gear Works LLP,LLP,XDQFE5872G,09XDQFE5872G1ZB,UDYAM-UP-27-8894906,Varanasi,Uttar Pradesh
Meera Bose,04-11-1997,+91 81139 08904,Nova Plastics LLP,LLP,MZMFN8249W,08MZMFN8249W9ZS,UDYAM-RJ-22-3374637,Kota,Rajasthan
Rajesh Das,20-04-1994,+91 84330 46292,Matrix Logistics Pvt Ltd,Pvt Ltd,YLECM6594M,36YLECM6594M8ZV,UDYAM-TS-04-8430736,Warangal,Telangana
Aarav Das,17-10-1975,+91 98423 61106,Apex Textiles Pvt Ltd,Pvt Ltd,MXSCA9627M,29MXSCA9627M4ZX,UDYAM-KR-34-9378188,Mysuru,Karnataka
Vikram Kulkarni,02-09-1993,+91 80001 68471,Surya Techno Fab Pvt Ltd,Pvt Ltd,QIHCS9152K,23QIHCS9152K3ZD,UDYAM-MP-18-9034244,Indore,Madhya Pradesh
Vikram Kulkarni,18-08-1981,+91 67194 02946,Pioneer Polymers LLP,LLP,FUHFP5961I,29FUHFP5961I3ZF,UDYAM-KR-02-2312630,Bengaluru,Karnataka
Sneha Joshi,17-04-2000,+91 66544 28488,Apex Bio Remedies Pvt Ltd,Pvt Ltd,EMKCA8065Y,36EMKCA8065Y2ZE,UDYAM-TS-05-7674927,Nizamabad,Telangana
Pooja Chauhan,24-09-1994,+91 96909 72587,Precision Infotech Pvt Ltd,Pvt Ltd,QBOCP8196Z,09QBOCP8196Z1Z5,UDYAM-UP-02-6415541,Lucknow,Uttar Pradesh
Rahul Chatterjee,25-06-1986,+91 64503 33481,ZenPack Bio Remedies LLP,LLP,SSTFZ4320V,09SSTFZ4320V5Z4,UDYAM-UP-02-6105356,Kanpur,Uttar Pradesh
Aarav Singh,27-08-1993,+91 78759 10096,Surya Gear Works LLP,LLP,UJTFS1295Z,29UJTFS1295Z5Z4,UDYAM-KR-05-7792072,Bengaluru,Karnataka
Rajesh Iyer,20-12-1985,+91 61653 96673,Evergreen Infotech Enterprises,Enterprises,HOXPI2567M,19HOXPI2567M8Z7,UDYAM-WB-09-2286102,Durgapur,West Bengal
Rahul Singh,01-02-1996,+91 98539 12777,Shri Ganesh Infotech LLP,LLP,JCVFS6434J,24JCVFS6434J3Z6,UDYAM-GJ-26-4982132,Ahmedabad,Gujarat
Neha Patel,16-09-1969,+91 90523 96623,Nova Plastics LLP,LLP,PFSFN8423C,29PFSFN8423C1Z5,UDYAM-KR-22-5152064,Hubballi,Karnataka
Ananya Kulkarni,26-07-1994,+91 81809 04436,EcoClean Infotech Pvt Ltd,Pvt Ltd,GNFCE5988T,27GNFCE5988T5ZK,UDYAM-MH-20-7872642,Mumbai,Maharashtra
Rohan Iyer,15-10-1978,+91 92513 58949,Apex Polymers Pvt Ltd,Pvt Ltd,RISCA5703H,24RISCA5703H8ZP,UDYAM-GJ-34-8429090,Ahmedabad,Gujarat
Gaurav Patel,20-03-1987,+91 69366 41583,Shri Ganesh Plastics Enterprises,Enterprises,GJJPP1209F,32GJJPP1209F5ZQ,UDYAM-KL-07-8558136,Kozhikode,Kerala
Vikram Singh,03-05-1999,+91 84544 67712,EcoClean Metal Castings Enterprises,Enterprises,ZXIPS9254N,23ZXIPS9254N6Z3,UDYAM-MP-15-8927127,Bhopal,Madhya Pradesh
Priya Das,15-04-1982,+91 78212 02258,Matrix Techno Fab Pvt Ltd,Pvt Ltd,AZUCM4120P,32AZUCM4120P2ZM,UDYAM-KL-13-8561245,Ernakulam,Kerala
Rohan Gupta,11-11-1969,+91 71027 37929,Vanguard Agro Mills Pvt Ltd,Pvt Ltd,ZPRCV6624E,36ZPRCV6624E5ZH,UDYAM-TS-32-2138278,Nizamabad,Telangana
Rohan Reddy,10-02-1986,+91 67976 58054,Trident Solar Solutions Pvt Ltd,Pvt Ltd,AFRCT9703Z,27AFRCT9703Z4ZG,UDYAM-MH-03-4871224,Nashik,Maharashtra
Aarav Gupta,07-08-2002,+91 91372 49824,EcoClean Plastics LLP,LLP,ZYLFE5416O,32ZYLFE5416O5ZK,UDYAM-KL-33-9078536,Kozhikode,Kerala
Gaurav Joshi,27-08-1970,+91 76020 86657,Trident Bio Remedies LLP,LLP,CKGFT2422E,29CKGFT2422E2Z5,UDYAM-KR-01-8636347,Bengaluru,Karnataka
Rohan Iyer,27-07-2000,+91 73833 67496,Pioneer Solar Solutions Pvt Ltd,Pvt Ltd,EJSCP4588J,36EJSCP4588J9ZT,UDYAM-TS-05-2886542,Hyderabad,Telangana
Pooja Bose,03-04-1970,+91 79002 51176,Pioneer Techno Fab Pvt Ltd,Pvt Ltd,BTHCP9911X,32BTHCP9911X8Z8,UDYAM-KL-09-2085136,Ernakulam,Kerala
Aarav Das,17-10-1972,+91 79412 68340,ZenPack Bio Remedies LLP,LLP,OBJFZ8177X,09OBJFZ8177X9Z8,UDYAM-UP-04-2682999,Noida,Uttar Pradesh
Meera Verma,27-05-1994,+91 91176 93178,Vertex Logistics Enterprises,Enterprises,TIEPV3006W,27TIEPV3006W9ZD,UDYAM-MH-06-8099645,Pune,Maharashtra
Pooja Reddy,20-11-1987,+91 99564 67580,ZenPack Plastics LLP,LLP,PGLFZ1486H,08PGLFZ1486H1Z9,UDYAM-RJ-01-3470740,Kota,Rajasthan
Arjun Patel,07-07-1998,+91 94219 55780,ZenPack Bio Remedies Enterprises,Enterprises,GTQPP4184Z,33GTQPP4184Z9ZZ,UDYAM-TN-11-3590208,Chennai,Tamil Nadu
Priya Bose,24-02-1983,+91 79976 51820,BlueCraft Bio Remedies Pvt Ltd,Pvt Ltd,CBDCB6478A,36CBDCB6478A4ZB,UDYAM-TS-11-3456009,Hyderabad,Telangana
Neha Gupta,14-11-1997,+91 68436 01841,Nova Techno Fab LLP,LLP,YYOFN5476R,36YYOFN5476R3ZD,UDYAM-TS-35-5172622,Warangal,Telangana
Rohan Nair,19-01-1975,+91 82513 48380,Matrix Solar Solutions Pvt Ltd,Pvt Ltd,NXPCM8636H,32NXPCM8636H5Z9,UDYAM-KL-20-4010599,Thiruvananthapuram,Kerala
Sneha Das,10-07-1980,+91 91598 12639,Pioneer Polymers Enterprises,Enterprises,IIRPD1913S,09IIRPD1913S5ZE,UDYAM-UP-25-1505607,Varanasi,Uttar Pradesh
Neha Patel,09-12-1994,+91 99604 23705,Matrix Metal Castings Pvt Ltd,Pvt Ltd,QUUCM1910Q,33QUUCM1910Q4ZI,UDYAM-TN-02-7083975,Madurai,Tamil Nadu
Sneha Das,21-01-1979,+91 97117 28683,ZenPack Plastics LLP,LLP,NYGFZ3632I,09NYGFZ3632I5ZM,UDYAM-UP-22-4837842,Noida,Uttar Pradesh
Arjun Sharma,20-12-1967,+91 79968 20914,EcoClean Plastics Pvt Ltd,Pvt Ltd,GEVCE5326K,09GEVCE5326K6ZS,UDYAM-UP-10-4516021,Noida,Uttar Pradesh
Priya Verma,18-03-1993,+91 61209 47199,Nova Textiles Enterprises,Enterprises,OYBPV4995X,29OYBPV4995X3ZT,UDYAM-KR-14-3763580,Hubballi,Karnataka
Rajesh Bose,14-02-2000,+91 78526 54126,Apex Gear Works Enterprises,Enterprises,UOXPB1875Y,33UOXPB1875Y3ZL,UDYAM-TN-05-4070685,Salem,Tamil Nadu
Aarav Patel,20-05-1979,+91 93892 36667,Surya Bio Remedies Pvt Ltd,Pvt Ltd,GBSCS3634O,23GBSCS3634O8ZG,UDYAM-MP-10-6318721,Gwalior,Madhya Pradesh
Tanvi Iyer,14-10-1985,+91 85465 28288,Vertex Metal Castings Pvt Ltd,Pvt Ltd,DCPCV7829B,09DCPCV7829B4ZX,UDYAM-UP-03-8819782,Varanasi,Uttar Pradesh
Rahul Kulkarni,11-10-1966,+91 72005 58199,Surya Bio Remedies Enterprises,Enterprises,BFYPK2176T,36BFYPK2176T1Z8,UDYAM-TS-14-3233038,Warangal,Telangana
Rajesh Chauhan,13-04-1967,+91 91450 71404,Precision Bio Remedies LLP,LLP,JUYFP7712I,27JUYFP7712I5ZZ,UDYAM-MH-22-6286316,Pune,Maharashtra
Neha Patel,25-06-1980,+91 78074 57853,Apex Gear Works LLP,LLP,BHXFA2028H,29BHXFA2028H7ZX,UDYAM-KR-11-8693484,Mysuru,Karnataka
Ananya Patel,09-02-1988,+91 61057 84488,Evergreen Plastics LLP,LLP,GWKFE4047K,19GWKFE4047K7Z9,UDYAM-WB-23-1508670,Siliguri,West Bengal
Priya Nair,16-04-1968,+91 85325 92634,Trident Techno Fab LLP,LLP,JGRFT9974H,09JGRFT9974H2ZM,UDYAM-UP-30-4659819,Lucknow,Uttar Pradesh
Vikram Bose,26-08-1968,+91 68710 30468,Apex Plastics Enterprises,Enterprises,HEFPB5275I,32HEFPB5275I4ZG,UDYAM-KL-16-2069807,Ernakulam,Kerala
Tanvi Nair,11-01-1971,+91 62067 10729,Evergreen Plastics LLP,LLP,AYDFE1649S,27AYDFE1649S9ZX,UDYAM-MH-11-6327812,Pune,Maharashtra
Vikram Bose,30-07-1996,+91 86695 88215,Vertex Infotech LLP,LLP,IOGFV4225X,23IOGFV4225X2Z9,UDYAM-MP-35-5220082,Jabalpur,Madhya Pradesh
Meera Nair,12-11-1967,+91 83499 61400,Vanguard Textiles LLP,LLP,QARFV5882U,19QARFV5882U3ZT,UDYAM-WB-30-9088830,Kolkata,West Bengal
Priya Mehta,30-11-1976,+91 73398 82703,Precision Logistics Pvt Ltd,Pvt Ltd,ECLCP3498X,36ECLCP3498X4ZC,UDYAM-TS-16-9258724,Hyderabad,Telangana
Rohan Sharma,24-04-1977,+91 91191 68962,Evergreen Metal Castings LLP,LLP,VIWFE8625F,27VIWFE8625F2Z0,UDYAM-MH-18-7508053,Pune,Maharashtra
Nikhil Singh,19-11-1969,+91 75811 88425,ZenPack Agro Mills LLP,LLP,SUCFZ5122F,23SUCFZ5122F6Z7,UDYAM-MP-22-2188866,Indore,Madhya Pradesh
Siddharth Reddy,10-04-1976,+91 62006 38993,Nova Logistics Pvt Ltd,Pvt Ltd,FXJCN7866I,36FXJCN7866I4ZL,UDYAM-TS-14-9766297,Nizamabad,Telangana
Aarav Bose,05-05-1992,+91 98239 25818,Nova Agro Mills Pvt Ltd,Pvt Ltd,DZUCN6131W,32DZUCN6131W4Z4,UDYAM-KL-02-7619981,Thiruvananthapuram,Kerala
Neha Chatterjee,15-10-1969,+91 91243 54982,EcoClean Metal Castings Enterprises,Enterprises,LLEPC6315O,24LLEPC6315O5ZF,UDYAM-GJ-14-9744770,Rajkot,Gujarat
Sneha Bose,20-04-1965,+91 91992 92007,Vanguard Agro Mills Enterprises,Enterprises,PKSPB7307U,24PKSPB7307U4ZL,UDYAM-GJ-28-4591849,Surat,Gujarat
Nikhil Chatterjee,16-06-1998,+91 79097 69298,Shri Ganesh Gear Works LLP,LLP,SEDFS5828Y,24SEDFS5828Y3ZM,UDYAM-GJ-07-7489796,Rajkot,Gujarat
Siddharth Mehta,13-12-1983,+91 69343 96879,Pioneer Infotech LLP,LLP,IFGFP7524H,33IFGFP7524H1ZI,UDYAM-TN-07-6932327,Salem,Tamil Nadu
Pooja Das,12-01-1976,+91 88650 71716,Nova Solar Solutions Enterprises,Enterprises,SMIPD1707B,27SMIPD1707B8ZS,UDYAM-MH-16-7076714,Nashik,Maharashtra
Rohan Singh,30-01-1983,+91 76285 69073,Pioneer Logistics Enterprises,Enterprises,OIOPS9668A,33OIOPS9668A6ZW,UDYAM-TN-04-6672681,Chennai,Tamil Nadu
Vikram Bose,11-12-2002,+91 63173 84130,Precision Techno Fab Pvt Ltd,Pvt Ltd,DAECP5857I,19DAECP5857I9Z3,UDYAM-WB-11-5139768,Durgapur,West Bengal
Neha Sharma,29-06-2002,+91 84270 32476,Apex Plastics LLP,LLP,VXGFA4203B,33VXGFA4203B5ZF,UDYAM-TN-17-7303950,Chennai,Tamil Nadu
Ananya Chatterjee,09-02-1970,+91 79460 03199,Surya Polymers Enterprises,Enterprises,JQCPC1829S,08JQCPC1829S8Z2,UDYAM-RJ-28-7025900,Udaipur,Rajasthan
Meera Kulkarni,28-03-1983,+91 65862 84226,ZenPack Techno Fab Enterprises,Enterprises,KGPPK8262X,29KGPPK8262X5Z8,UDYAM-KR-08-9346093,Mysuru,Karnataka
Rahul Sharma,04-01-1975,+91 65515 33562,Shri Ganesh Techno Fab Pvt Ltd,Pvt Ltd,JMYCS7032B,36JMYCS7032B9Z5,UDYAM-TS-26-9264675,Hyderabad,Telangana
Vikram Verma,24-06-1998,+91 72180 17531,EcoClean Logistics Pvt Ltd,Pvt Ltd,HUMCE3385R,33HUMCE3385R4ZK,UDYAM-TN-04-7109008,Coimbatore,Tamil Nadu
Pooja Sharma,07-09-1966,+91 98756 18589,ZenPack Metal Castings Enterprises,Enterprises,FFLPS7686S,36FFLPS7686S1ZS,UDYAM-TS-20-5909832,Nizamabad,Telangana
Aarav Chauhan,01-11-1969,+91 63108 53526,Vertex Agro Mills Pvt Ltd,Pvt Ltd,LGXCV3739E,23LGXCV3739E9Z6,UDYAM-MP-30-8370035,Indore,Madhya Pradesh
Tanvi Bose,11-03-1994,+91 72606 37367,Pioneer Gear Works Pvt Ltd,Pvt Ltd,GXNCP2622F,36GXNCP2622F7Z0,UDYAM-TS-05-9666037,Warangal,Telangana
Meera Bose,27-04-1970,+91 71611 53613,Precision Logistics Pvt Ltd,Pvt Ltd,AYJCP7925E,36AYJCP7925E7Z2,UDYAM-TS-35-2481269,Nizamabad,Telangana
Rohan Bose,25-02-2001,+91 72851 73617,Vanguard Plastics Enterprises,Enterprises,GBSPB8385W,24GBSPB8385W8ZR,UDYAM-GJ-26-6906281,Surat,Gujarat
Siddharth Patel,27-07-2000,+91 92736 25927,Trident Agro Mills Pvt Ltd,Pvt Ltd,BGKCT4968V,36BGKCT4968V6ZX,UDYAM-TS-28-4718077,Nizamabad,Telangana
Siddharth Joshi,07-10-1990,+91 76270 36585,Shri Ganesh Agro Mills Pvt Ltd,Pvt Ltd,KHRCS9710G,19KHRCS9710G8Z3,UDYAM-WB-25-2896446,Durgapur,West Bengal
Meera Gupta,24-04-1965,+91 78422 08983,Evergreen Bio Remedies LLP,LLP,RXIFE1599T,29RXIFE1599T3Z8,UDYAM-KR-05-9981478,Bengaluru,Karnataka
Ananya Iyer,15-08-1995,+91 66498 49970,Pioneer Logistics Pvt Ltd,Pvt Ltd,RRXCP3259K,32RRXCP3259K2Z2,UDYAM-KL-20-4328300,Kozhikode,Kerala
Vikram Reddy,03-09-2002,+91 83658 92979,Evergreen Bio Remedies Enterprises,Enterprises,EAGPR4404K,24EAGPR4404K2ZF,UDYAM-GJ-03-1802353,Vadodara,Gujarat
Rahul Reddy,04-10-1995,+91 91508 25481,Precision Solar Solutions Enterprises,Enterprises,PZCPR3763C,27PZCPR3763C2Z3,UDYAM-MH-29-3017740,Nashik,Maharashtra
Ananya Iyer,20-10-1977,+91 69280 32045,Lotus Agro Mills Enterprises,Enterprises,ARXPI4787F,24ARXPI4787F7ZJ,UDYAM-GJ-26-7999557,Surat,Gujarat
Pooja Patel,15-11-1991,+91 65159 62562,Trident Logistics Pvt Ltd,Pvt Ltd,GBGCT4939M,32GBGCT4939M5Z3,UDYAM-KL-08-9967167,Kozhikode,Kerala
Siddharth Kulkarni,20-01-2000,+91 83297 51098,ZenPack Logistics Pvt Ltd,Pvt Ltd,XEMCZ2674T,27XEMCZ2674T9Z4,UDYAM-MH-10-2893547,Mumbai,Maharashtra
Sneha Sharma,20-02-1967,+91 70688 50113,ZenPack Solar Solutions Enterprises,Enterprises,HVEPS4063J,19HVEPS4063J1ZQ,UDYAM-WB-33-6574242,Durgapur,West Bengal
Aarav Kulkarni,05-08-1966,+91 63631 52196,BlueCraft Polymers LLP,LLP,QILFB3415C,23QILFB3415C9ZR,UDYAM-MP-02-7854338,Jabalpur,Madhya Pradesh
Neha Reddy,08-08-1990,+91 80958 42547,BlueCraft Polymers Enterprises,Enterprises,TQHPR1084T,27TQHPR1084T7ZU,UDYAM-MH-29-2751818,Nagpur,Maharashtra
Aarav Mehta,22-05-1980,+91 67241 29344,Nova Metal Castings Enterprises,Enterprises,KCAPM8893B,32KCAPM8893B8ZD,UDYAM-KL-22-3305031,Ernakulam,Kerala
Rahul Patel,14-11-1990,+91 88444 46465,Trident Textiles LLP,LLP,ZBHFT4506P,27ZBHFT4506P3Z1,UDYAM-MH-13-7991241,Mumbai,Maharashtra
Rahul Iyer,12-11-1984,+91 66089 08193,Shri Ganesh Textiles LLP,LLP,ANAFS2823K,27ANAFS2823K3ZM,UDYAM-MH-19-7839056,Nagpur,Maharashtra
Arjun Chauhan,17-04-1965,+91 90674 46978,Vertex Gear Works LLP,LLP,HJNFV9024K,32HJNFV9024K9ZB,UDYAM-KL-26-3887277,Ernakulam,Kerala
Neha Kulkarni,15-08-1967,+91 77161 61398,Lotus Techno Fab Pvt Ltd,Pvt Ltd,NFGCL8650H,27NFGCL8650H3ZG,UDYAM-MH-28-6145982,Pune,Maharashtra
Pooja Kulkarni,07-11-1998,+91 71855 92342,EcoClean Logistics Enterprises,Enterprises,VQNPK8653M,19VQNPK8653M1Z1,UDYAM-WB-02-4458518,Siliguri,West Bengal
Pooja Nair,02-05-2000,+91 68011 07002,Pioneer Bio Remedies Pvt Ltd,Pvt Ltd,AMSCP7481S,36AMSCP7481S8ZI,UDYAM-TS-15-5081341,Nizamabad,Telangana
Gaurav Chatterjee,22-06-1978,+91 67807 52697,Vanguard Metal Castings Enterprises,Enterprises,HLWPC7902E,19HLWPC7902E6ZX,UDYAM-WB-11-1415845,Howrah,West Bengal
Nikhil Chatterjee,18-04-1970,+91 72649 28662,Pioneer Polymers Pvt Ltd,Pvt Ltd,GRXCP5439W,36GRXCP5439W4Z6,UDYAM-TS-26-7913921,Hyderabad,Telangana
Tanvi Gupta,29-03-1986,+91 67972 21568,Shri Ganesh Textiles Pvt Ltd,Pvt Ltd,ILUCS2912F,19ILUCS2912F5ZV,UDYAM-WB-27-7424199,Durgapur,West Bengal
Gaurav Verma,08-04-1978,+91 94485 71906,Apex Polymers Enterprises,Enterprises,ZABPV5425P,27ZABPV5425P7ZM,UDYAM-MH-18-9635984,Pune,Maharashtra
Rajesh Das,26-12-1985,+91 76858 57514,Pioneer Metal Castings Pvt Ltd,Pvt Ltd,EOGCP3192R,09EOGCP3192R3Z3,UDYAM-UP-03-2055219,Lucknow,Uttar Pradesh
Tanvi Sharma,25-08-1997,+91 60320 86140,Apex Gear Works Enterprises,Enterprises,UIHPS9477D,08UIHPS9477D5ZZ,UDYAM-RJ-29-3519697,Kota,Rajasthan
Meera Reddy,10-07-1986,+91 60169 73385,Trident Metal Castings Enterprises,Enterprises,XBLPR9932P,23XBLPR9932P6ZF,UDYAM-MP-04-3630892,Jabalpur,Madhya Pradesh
Priya Chatterjee,06-04-1965,+91 64765 55177,Precision Solar Solutions Pvt Ltd,Pvt Ltd,INTCP8701B,23INTCP8701B6ZA,UDYAM-MP-10-9642374,Bhopal,Madhya Pradesh
Aarav Kulkarni,09-06-1993,+91 80201 83618,Shri Ganesh Metal Castings Enterprises,Enterprises,WEKPK1624U,09WEKPK1624U1ZT,UDYAM-UP-32-2622538,Noida,Uttar Pradesh
Sneha Mehta,25-10-1972,+91 79860 59564,Apex Plastics Enterprises,Enterprises,CXLPM5240W,24CXLPM5240W7ZM,UDYAM-GJ-20-1547063,Surat,Gujarat
Nikhil Iyer,22-05-2000,+91 77042 33820,EcoClean Techno Fab LLP,LLP,LDQFE1884E,27LDQFE1884E2ZJ,UDYAM-MH-27-3819804,Pune,Maharashtra
Arjun Verma,15-05-1972,+91 72363 10736,Pioneer Plastics Pvt Ltd,Pvt Ltd,EJWCP2090U,36EJWCP2090U8ZI,UDYAM-TS-01-8578020,Hyderabad,Telangana
Arjun Gupta,22-03-1976,+91 67494 55640,Surya Bio Remedies Enterprises,Enterprises,FJLPG3766Q,36FJLPG3766Q3ZA,UDYAM-TS-11-7516790,Warangal,Telangana
Rajesh Kulkarni,14-09-1986,+91 86803 36640,ZenPack Logistics Enterprises,Enterprises,RJOPK5311P,27RJOPK5311P2ZC,UDYAM-MH-21-5696868,Nagpur,Maharashtra
Sneha Chatterjee,23-03-2000,+91 96562 53601,ZenPack Gear Works LLP,LLP,HYAFZ4986P,29HYAFZ4986P4Z2,UDYAM-KR-13-2428459,Mangaluru,Karnataka
Gaurav Patel,13-12-1987,+91 99657 96012,Pioneer Solar Solutions LLP,LLP,AAEFP8490F,29AAEFP8490F1Z3,UDYAM-KR-22-1807064,Mysuru,Karnataka
Priya Kulkarni,29-08-1978,+91 96128 13095,BlueCraft Polymers Enterprises,Enterprises,SJPPK6380S,27SJPPK6380S7Z2,UDYAM-MH-07-8107540,Pune,Maharashtra
Vikram Chatterjee,09-11-1999,+91 93069 91748,Vertex Bio Remedies Enterprises,Enterprises,QYWPC9504D,32QYWPC9504D2ZO,UDYAM-KL-20-4984881,Thiruvananthapuram,Kerala
Gaurav Singh,31-05-1984,+91 77952 23723,Nova Textiles LLP,LLP,LQFFN5366Z,32LQFFN5366Z9ZP,UDYAM-KL-11-8420516,Thiruvananthapuram,Kerala
Rohan Patel,31-12-1974,+91 65619 90940,Lotus Gear Works LLP,LLP,BIKFL4656C,19BIKFL4656C2ZU,UDYAM-WB-13-1958873,Kolkata,West Bengal
Gaurav Kulkarni,07-11-1973,+91 62259 91186,Lotus Gear Works Pvt Ltd,Pvt Ltd,ZERCL5701E,32ZERCL5701E8ZO,UDYAM-KL-17-9522365,Kozhikode,Kerala
Gaurav Chauhan,20-06-1989,+91 79369 10337,EcoClean Techno Fab LLP,LLP,DJQFE6352B,32DJQFE6352B8ZK,UDYAM-KL-01-5061263,Kozhikode,Kerala
Aarav Nair,22-04-1971,+91 93115 38834,Evergreen Solar Solutions LLP,LLP,LSCFE3830R,29LSCFE3830R1ZX,UDYAM-KR-32-8933854,Bengaluru,Karnataka
Priya Iyer,09-11-1996,+91 98912 27755,Matrix Solar Solutions Pvt Ltd,Pvt Ltd,CLBCM7598E,23CLBCM7598E8ZX,UDYAM-MP-27-4928211,Bhopal,Madhya Pradesh
Meera Das,25-03-1974,+91 80950 08727,Precision Agro Mills Pvt Ltd,Pvt Ltd,JQXCP9057F,33JQXCP9057F3ZT,UDYAM-TN-29-9750089,Coimbatore,Tamil Nadu
Siddharth Chatterjee,24-06-1983,+91 79445 80029,Pioneer Agro Mills LLP,LLP,YYNFP3326O,33YYNFP3326O6ZW,UDYAM-TN-33-2155293,Salem,Tamil Nadu
Tanvi Mehta,29-05-2000,+91 90791 00915,Nova Techno Fab LLP,LLP,EJDFN9193W,32EJDFN9193W6ZQ,UDYAM-KL-20-6096519,Kozhikode,Kerala
Rahul Das,24-07-1973,+91 79510 71901,Apex Gear Works Pvt Ltd,Pvt Ltd,ZFRCA4064X,33ZFRCA4064X4Z6,UDYAM-TN-16-7911522,Coimbatore,Tamil Nadu
Pooja Nair,21-09-1987,+91 85582 64776,Precision Techno Fab Enterprises,Enterprises,GMSPN5431G,36GMSPN5431G7Z3,UDYAM-TS-35-3339577,Nizamabad,Telangana
Rahul Patel,17-03-1970,+91 76022 32412,Precision Bio Remedies LLP,LLP,ZZQFP9838V,24ZZQFP9838V6ZK,UDYAM-GJ-21-7429354,Vadodara,Gujarat
Nikhil Gupta,17-03-1984,+91 72517 53961,Lotus Agro Mills Pvt Ltd,Pvt Ltd,RRPCL3374T,32RRPCL3374T6ZU,UDYAM-KL-07-2158299,Thiruvananthapuram,Kerala
Nikhil Chatterjee,09-07-1974,+91 69458 33027,Vanguard Gear Works LLP,LLP,LSJFV3016O,29LSJFV3016O5Z1,UDYAM-KR-09-1976221,Hubballi,Karnataka
Pooja Bose,20-09-1984,+91 60923 79524,Vertex Infotech Pvt Ltd,Pvt Ltd,JGJCV6941P,19JGJCV6941P7ZQ,UDYAM-WB-14-9440208,Durgapur,West Bengal
Rahul Singh,10-06-1997,+91 69129 94581,Lotus Agro Mills Enterprises,Enterprises,EIVPS9665M,36EIVPS9665M5ZV,UDYAM-TS-14-5905867,Warangal,Telangana
Rahul Mehta,28-08-1991,+91 85487 90694,ZenPack Agro Mills Pvt Ltd,Pvt Ltd,DZKCZ4167A,23DZKCZ4167A6ZJ,UDYAM-MP-11-8562311,Bhopal,Madhya Pradesh
Rahul Nair,29-07-1997,+91 78507 68031,Evergreen Gear Works LLP,LLP,EVAFE2162H,29EVAFE2162H6ZN,UDYAM-KR-05-6599358,Mysuru,Karnataka
Aarav Patel,30-12-1993,+91 83599 39517,Lotus Bio Remedies LLP,LLP,LXSFL8085N,27LXSFL8085N3ZV,UDYAM-MH-30-9353289,Pune,Maharashtra
Gaurav Patel,04-07-1997,+91 96207 03802,Surya Agro Mills LLP,LLP,RLPFS1198M,09RLPFS1198M1ZL,UDYAM-UP-03-3184560,Lucknow,Uttar Pradesh
Rahul Mehta,25-08-1967,+91 77244 51067,Lotus Polymers Pvt Ltd,Pvt Ltd,FICCL8218X,32FICCL8218X7Z7,UDYAM-KL-18-7070528,Thiruvananthapuram,Kerala
Tanvi Joshi,16-05-1984,+91 64640 01632,Surya Gear Works Enterprises,Enterprises,NYSPJ1824R,09NYSPJ1824R8ZB,UDYAM-UP-16-5570098,Lucknow,Uttar Pradesh
Arjun Das,20-05-1998,+91 84790 29140,Shri Ganesh Bio Remedies LLP,LLP,GIYFS4845C,09GIYFS4845C4Z8,UDYAM-UP-27-2931854,Varanasi,Uttar Pradesh
Neha Reddy,03-04-2001,+91 79613 91535,Lotus Solar Solutions LLP,LLP,REBFL9470H,29REBFL9470H4Z6,UDYAM-KR-17-6453270,Hubballi,Karnataka
Meera Das,02-11-1986,+91 84707 02604,Matrix Agro Mills Enterprises,Enterprises,PGUPD6850N,33PGUPD6850N9ZZ,UDYAM-TN-24-3186789,Chennai,Tamil Nadu
Rahul Reddy,20-01-1971,+91 65077 85111,Lotus Textiles Pvt Ltd,Pvt Ltd,UAQCL5043U,19UAQCL5043U6ZE,UDYAM-WB-25-9168795,Kolkata,West Bengal
Rohan Chatterjee,27-03-1995,+91 69235 98872,ZenPack Techno Fab Enterprises,Enterprises,VIFPC4788M,24VIFPC4788M1ZK,UDYAM-GJ-04-7892248,Surat,Gujarat
Gaurav Mehta,21-12-1993,+91 90056 85340,Evergreen Infotech Enterprises,Enterprises,XZKPM4541R,33XZKPM4541R1ZK,UDYAM-TN-10-6679534,Salem,Tamil Nadu
Gaurav Chatterjee,03-10-1998,+91 87908 25235,Nova Metal Castings Pvt Ltd,Pvt Ltd,KUZCN8480S,27KUZCN8480S2ZG,UDYAM-MH-15-2443046,Mumbai,Maharashtra
Priya Iyer,29-05-1971,+91 77008 21119,Vertex Techno Fab Pvt Ltd,Pvt Ltd,KNYCV1139P,36KNYCV1139P6Z0,UDYAM-TS-30-8767733,Hyderabad,Telangana
Arjun Iyer,02-06-1995,+91 62517 52144,ZenPack Bio Remedies Pvt Ltd,Pvt Ltd,FVECZ9366P,19FVECZ9366P9ZY,UDYAM-WB-34-7042302,Kolkata,West Bengal
Pooja Das,30-07-1979,+91 70466 72764,Lotus Solar Solutions Pvt Ltd,Pvt Ltd,PCNCL2326G,09PCNCL2326G4ZU,UDYAM-UP-09-9030466,Noida,Uttar Pradesh
Vikram Nair,19-07-1986,+91 65600 85696,BlueCraft Agro Mills Enterprises,Enterprises,PWTPN1543K,32PWTPN1543K4ZG,UDYAM-KL-23-6618226,Ernakulam,Kerala
Pooja Gupta,28-10-1979,+91 74989 90902,Matrix Infotech Pvt Ltd,Pvt Ltd,VCFCM9994W,27VCFCM9994W8ZR,UDYAM-MH-08-2551271,Nagpur,Maharashtra
Siddharth Das,30-07-1998,+91 65995 50891,Apex Gear Works LLP,LLP,XFRFA2377X,32XFRFA2377X3ZS,UDYAM-KL-14-5723312,Kozhikode,Kerala
Siddharth Gupta,09-09-2002,+91 71429 87691,BlueCraft Solar Solutions LLP,LLP,DLJFB4154T,24DLJFB4154T3ZE,UDYAM-GJ-28-7292883,Surat,Gujarat
Meera Mehta,06-06-1976,+91 92448 79861,EcoClean Techno Fab Enterprises,Enterprises,BMEPM8165X,24BMEPM8165X4ZI,UDYAM-GJ-05-3534370,Ahmedabad,Gujarat
Pooja Verma,10-04-1983,+91 91380 18065,BlueCraft Textiles LLP,LLP,LXBFB3868B,24LXBFB3868B3ZC,UDYAM-GJ-20-8615218,Vadodara,Gujarat
Siddharth Iyer,24-04-1975,+91 76182 39823,Apex Solar Solutions Enterprises,Enterprises,OTPPI1185W,32OTPPI1185W6Z9,UDYAM-KL-26-5092559,Thiruvananthapuram,Kerala
Aarav Das,08-02-1995,+91 76946 44089,BlueCraft Infotech LLP,LLP,FTRFB3851D,24FTRFB3851D7ZD,UDYAM-GJ-05-1535604,Rajkot,Gujarat
Rahul Kulkarni,02-10-1988,+91 90632 60487,Matrix Techno Fab Enterprises,Enterprises,FWTPK2084L,23FWTPK2084L5Z9,UDYAM-MP-11-6200013,Indore,Madhya Pradesh
Priya Reddy,08-02-1968,+91 75965 08241,Vanguard Infotech LLP,LLP,VCWFV4019E,09VCWFV4019E1Z2,UDYAM-UP-35-2523998,Noida,Uttar Pradesh
Aarav Reddy,29-12-1989,+91 80739 29055,Pioneer Plastics Enterprises,Enterprises,XYTPR1845H,27XYTPR1845H5Z0,UDYAM-MH-26-1673737,Pune,Maharashtra
Gaurav Chatterjee,04-06-1990,+91 75480 09968,Surya Agro Mills LLP,LLP,AGCFS6515J,36AGCFS6515J5ZS,UDYAM-TS-13-1680989,Hyderabad,Telangana
Arjun Patel,18-05-1969,+91 99923 06687,Apex Gear Works LLP,LLP,VFNFA6281Q,36VFNFA6281Q4ZI,UDYAM-TS-32-8857766,Warangal,Telangana
Meera Patel,06-02-1968,+91 75118 17447,Nova Solar Solutions Enterprises,Enterprises,KLJPP2543A,32KLJPP2543A3Z5,UDYAM-KL-13-8444849,Thiruvananthapuram,Kerala
Nikhil Verma,17-03-2000,+91 78679 51025,Precision Gear Works LLP,LLP,CFVFP1073V,27CFVFP1073V4ZC,UDYAM-MH-04-6264103,Nashik,Maharashtra
Pooja Iyer,16-11-1991,+91 66077 78980,EcoClean Infotech LLP,LLP,VJDFE4061B,23VJDFE4061B9ZP,UDYAM-MP-19-6920582,Jabalpur,Madhya Pradesh
Neha Reddy,31-08-1969,+91 70399 37943,BlueCraft Logistics LLP,LLP,WITFB1909C,29WITFB1909C9ZQ,UDYAM-KR-02-5915643,Mysuru,Karnataka
Sneha Verma,16-01-1967,+91 85921 21228,Shri Ganesh Logistics Pvt Ltd,Pvt Ltd,IIDCS2578B,09IIDCS2578B3Z0,UDYAM-UP-22-3656780,Varanasi,Uttar Pradesh
Neha Chauhan,01-08-1995,+91 92325 39590,EcoClean Metal Castings Pvt Ltd,Pvt Ltd,JPPCE8035C,32JPPCE8035C1ZT,UDYAM-KL-29-7336984,Kozhikode,Kerala
Neha Reddy,06-08-1966,+91 97800 53140,Pioneer Metal Castings Enterprises,Enterprises,EOVPR7340K,36EOVPR7340K9ZE,UDYAM-TS-10-5889170,Hyderabad,Telangana
Pooja Verma,07-05-1989,+91 67190 45715,EcoClean Agro Mills LLP,LLP,MFRFE4731Q,24MFRFE4731Q5Z2,UDYAM-GJ-14-7974889,Rajkot,Gujarat
Gaurav Nair,21-03-1996,+91 89424 55787,Apex Bio Remedies LLP,LLP,ZBLFA3337D,32ZBLFA3337D4ZO,UDYAM-KL-27-3263865,Kozhikode,Kerala
Ananya Nair,30-08-1988,+91 94680 26723,Shri Ganesh Polymers Pvt Ltd,Pvt Ltd,WONCS8174A,24WONCS8174A1ZC,UDYAM-GJ-07-3670120,Vadodara,Gujarat
Gaurav Verma,16-10-1987,+91 98363 15675,BlueCraft Logistics LLP,LLP,MHEFB6085N,23MHEFB6085N1ZG,UDYAM-MP-28-1391538,Bhopal,Madhya Pradesh
Tanvi Kulkarni,19-09-1987,+91 92201 95658,ZenPack Plastics LLP,LLP,ZIGFZ1090H,24ZIGFZ1090H9Z8,UDYAM-GJ-21-3386547,Vadodara,Gujarat
Rohan Reddy,13-11-1980,+91 82402 91464,Vanguard Polymers LLP,LLP,NKKFV6485T,09NKKFV6485T7Z6,UDYAM-UP-21-9131802,Noida,Uttar Pradesh
Sneha Das,12-05-1979,+91 91639 40390,Evergreen Plastics Enterprises,Enterprises,RFIPD5066Q,29RFIPD5066Q4ZM,UDYAM-KR-32-9425041,Bengaluru,Karnataka
Aarav Reddy,05-12-1983,+91 94035 35263,EcoClean Gear Works Pvt Ltd,Pvt Ltd,JPZCE9138U,36JPZCE9138U4Z2,UDYAM-TS-01-2308064,Hyderabad,Telangana
Priya Chatterjee,25-10-1981,+91 71418 92563,Surya Logistics Enterprises,Enterprises,XWEPC4900Y,33XWEPC4900Y3ZA,UDYAM-TN-20-1509420,Chennai,Tamil Nadu
Nikhil Chauhan,29-03-1981,+91 72971 15100,EcoClean Metal Castings Enterprises,Enterprises,WGEPC7417X,19WGEPC7417X9Z7,UDYAM-WB-08-4249746,Kolkata,West Bengal
Gaurav Verma,08-07-1978,+91 84462 16060,Shri Ganesh Gear Works Enterprises,Enterprises,RYIPV3656E,27RYIPV3656E6ZZ,UDYAM-MH-12-1635922,Mumbai,Maharashtra
Gaurav Iyer,02-10-1981,+91 93588 73814,EcoClean Techno Fab LLP,LLP,XVLFE1453K,27XVLFE1453K3ZK,UDYAM-MH-29-8420586,Pune,Maharashtra
Meera Gupta,21-03-1987,+91 69128 17557,Evergreen Infotech Pvt Ltd,Pvt Ltd,DMUCE4994G,27DMUCE4994G2Z0,UDYAM-MH-27-9660864,Pune,Maharashtra
Rohan Bose,04-12-2000,+91 81421 41119,Trident Solar Solutions LLP,LLP,VBJFT9839R,36VBJFT9839R8Z9,UDYAM-TS-07-6358576,Hyderabad,Telangana
Rahul Das,18-06-1977,+91 61406 95520,Matrix Bio Remedies Enterprises,Enterprises,ZPHPD7509K,33ZPHPD7509K1ZL,UDYAM-TN-12-1561246,Chennai,Tamil Nadu
Vikram Bose,27-04-1990,+91 94167 43308,Shri Ganesh Logistics Enterprises,Enterprises,QFKPB4821G,29QFKPB4821G6Z6,UDYAM-KR-11-8523065,Hubballi,Karnataka
Rahul Bose,12-04-1989,+91 83846 66823,Apex Techno Fab Enterprises,Enterprises,YIKPB4958U,27YIKPB4958U3ZW,UDYAM-MH-15-5855060,Nashik,Maharashtra
Rohan Verma,24-01-1971,+91 65956 43669,Nova Logistics LLP,LLP,GGFFN6732U,29GGFFN6732U3Z3,UDYAM-KR-02-3941726,Mangaluru,Karnataka
Siddharth Chatterjee,03-06-1967,+91 65150 31397,BlueCraft Bio Remedies Enterprises,Enterprises,GJWPC1613R,27GJWPC1613R1ZG,UDYAM-MH-35-2684648,Nagpur,Maharashtra
Rajesh Joshi,08-08-1987,+91 87672 66077,EcoClean Logistics Pvt Ltd,Pvt Ltd,OVXCE4245S,36OVXCE4245S8ZQ,UDYAM-TS-26-3257260,Warangal,Telangana
Meera Das,28-11-1993,+91 80283 84671,Apex Infotech Enterprises,Enterprises,QVRPD6850X,24QVRPD6850X1Z2,UDYAM-GJ-25-5133143,Surat,Gujarat
Rajesh Iyer,24-08-1980,+91 60405 43974,Nova Logistics Enterprises,Enterprises,VFBPI3245A,32VFBPI3245A2Z1,UDYAM-KL-11-4056792,Kozhikode,Kerala
Ananya Sharma,26-08-1997,+91 98391 71420,Vertex Infotech Enterprises,Enterprises,BFJPS5023J,33BFJPS5023J1ZE,UDYAM-TN-04-8500394,Salem,Tamil Nadu
Rajesh Kulkarni,16-10-1997,+91 69529 84307,BlueCraft Techno Fab Enterprises,Enterprises,EXNPK6327N,23EXNPK6327N1ZH,UDYAM-MP-05-7263370,Gwalior,Madhya Pradesh
Aarav Gupta,29-09-1992,+91 85554 24583,Lotus Logistics Enterprises,Enterprises,IBRPG9601Q,36IBRPG9601Q9ZW,UDYAM-TS-07-3783470,Hyderabad,Telangana
Siddharth Patel,17-10-1980,+91 95553 15114,Pioneer Gear Works Pvt Ltd,Pvt Ltd,ZDLCP6180E,09ZDLCP6180E5Z9,UDYAM-UP-27-9930664,Noida,Uttar Pradesh
Ananya Nair,14-11-1986,+91 75362 79963,Lotus Plastics LLP,LLP,LTVFL6269Z,33LTVFL6269Z9Z9,UDYAM-TN-18-6757419,Chennai,Tamil Nadu
Ananya Verma,14-09-1991,+91 73005 61138,Matrix Infotech LLP,LLP,VRRFM6684R,24VRRFM6684R1ZH,UDYAM-GJ-23-4823961,Ahmedabad,Gujarat
Tanvi Patel,20-10-2000,+91 82694 46241,Trident Textiles Enterprises,Enterprises,FVXPP6052U,36FVXPP6052U6ZR,UDYAM-TS-22-5611398,Hyderabad,Telangana
Rohan Reddy,05-01-1976,+91 78954 33855,Vanguard Agro Mills Pvt Ltd,Pvt Ltd,MNUCV6595R,09MNUCV6595R9ZG,UDYAM-UP-22-9257317,Noida,Uttar Pradesh
Pooja Chatterjee,27-11-1982,+91 99583 97908,Matrix Logistics LLP,LLP,MATFM4450E,33MATFM4450E9ZN,UDYAM-TN-23-7235028,Coimbatore,Tamil Nadu
Siddharth Sharma,30-11-1988,+91 77347 30200,Vanguard Bio Remedies LLP,LLP,TZIFV1043Z,29TZIFV1043Z9Z6,UDYAM-KR-09-8712079,Bengaluru,Karnataka
Vikram Bose,03-05-1985,+91 60663 83649,Apex Infotech Pvt Ltd,Pvt Ltd,LDRCA6779W,29LDRCA6779W8ZU,UDYAM-KR-21-2311524,Mangaluru,Karnataka
Nikhil Bose,09-02-1976,+91 91113 80251,Lotus Agro Mills LLP,LLP,YICFL9938L,23YICFL9938L3ZM,UDYAM-MP-05-5312474,Gwalior,Madhya Pradesh
Nikhil Joshi,16-03-1972,+91 96493 83116,Vertex Techno Fab Enterprises,Enterprises,ZDHPJ1549H,29ZDHPJ1549H1ZH,UDYAM-KR-15-4786244,Mysuru,Karnataka
Arjun Chatterjee,23-09-1974,+91 99293 66504,Vertex Bio Remedies Pvt Ltd,Pvt Ltd,ZLCCV2645G,09ZLCCV2645G5Z8,UDYAM-UP-03-8165236,Noida,Uttar Pradesh
Arjun Chauhan,22-12-1971,+91 62963 69639,Nova Solar Solutions Enterprises,Enterprises,VWPPC1965Z,29VWPPC1965Z4ZV,UDYAM-KR-17-7944682,Mysuru,Karnataka
Meera Chatterjee,22-04-1983,+91 85193 14144,Evergreen Textiles Enterprises,Enterprises,AKJPC9281N,29AKJPC9281N1ZJ,UDYAM-KR-34-8308051,Hubballi,Karnataka
Nikhil Mehta,23-10-1972,+91 95471 15612,Lotus Polymers Pvt Ltd,Pvt Ltd,WCGCL4821C,29WCGCL4821C1ZL,UDYAM-KR-33-6658996,Mangaluru,Karnataka
Rahul Iyer,09-01-2002,+91 95690 20712,Trident Techno Fab LLP,LLP,SWNFT2374D,23SWNFT2374D1ZK,UDYAM-MP-17-9190630,Bhopal,Madhya Pradesh
Pooja Chauhan,31-03-1996,+91 77401 64171,Surya Plastics LLP,LLP,QXIFS7579T,24QXIFS7579T1ZT,UDYAM-GJ-16-4709983,Rajkot,Gujarat
Meera Sharma,17-10-1978,+91 94380 51200,Vanguard Techno Fab LLP,LLP,SBDFV9395C,33SBDFV9395C9Z4,UDYAM-TN-28-4126583,Salem,Tamil Nadu
Rohan Bose,29-07-1973,+91 63055 12322,Trident Agro Mills Enterprises,Enterprises,HBZPB2546H,19HBZPB2546H4Z9,UDYAM-WB-15-7160565,Kolkata,West Bengal
Sneha Patel,18-08-1978,+91 91166 29059,Vanguard Logistics LLP,LLP,NWZFV1629O,27NWZFV1629O5ZF,UDYAM-MH-27-9447361,Mumbai,Maharashtra
Nikhil Mehta,21-05-1979,+91 81142 82238,Evergreen Metal Castings Pvt Ltd,Pvt Ltd,ITUCE9333B,36ITUCE9333B8ZN,UDYAM-TS-33-1252435,Warangal,Telangana
Siddharth Bose,20-08-1999,+91 61385 66605,Lotus Gear Works LLP,LLP,QBYFL5523R,29QBYFL5523R6ZS,UDYAM-KR-30-7344419,Hubballi,Karnataka
Rahul Chatterjee,25-06-1978,+91 68034 59942,Shri Ganesh Bio Remedies LLP,LLP,PAVFS7151Y,32PAVFS7151Y8ZZ,UDYAM-KL-18-1223091,Kozhikode,Kerala
Arjun Bose,31-05-1981,+91 75972 91446,Lotus Metal Castings LLP,LLP,LXEFL5507B,36LXEFL5507B8ZQ,UDYAM-TS-32-8824144,Warangal,Telangana
Rajesh Verma,05-03-1982,+91 97878 66012,Trident Agro Mills Enterprises,Enterprises,KMJPV1306P,24KMJPV1306P7ZP,UDYAM-GJ-26-1007406,Rajkot,Gujarat
Aarav Verma,17-12-1999,+91 96931 36671,Vertex Polymers LLP,LLP,EWSFV5033R,24EWSFV5033R5ZJ,UDYAM-GJ-06-2996188,Vadodara,Gujarat
Siddharth Verma,16-02-1995,+91 74311 32370,EcoClean Techno Fab Pvt Ltd,Pvt Ltd,MJGCE4834F,09MJGCE4834F7ZX,UDYAM-UP-29-5059020,Kanpur,Uttar Pradesh
Vikram Gupta,25-07-1990,+91 72082 51193,Apex Techno Fab Pvt Ltd,Pvt Ltd,JQYCA3074D,32JQYCA3074D9ZJ,UDYAM-KL-30-6805457,Ernakulam,Kerala
Siddharth Reddy,09-05-1993,+91 74538 13462,Nova Solar Solutions Enterprises,Enterprises,DUNPR3356V,24DUNPR3356V3ZF,UDYAM-GJ-07-6149121,Surat,Gujarat
Gaurav Patel,29-01-1965,+91 94264 01281,Vertex Plastics LLP,LLP,JCXFV8261L,33JCXFV8261L3Z5,UDYAM-TN-14-3571068,Chennai,Tamil Nadu
Nikhil Chauhan,22-08-1987,+91 69605 26309,Pioneer Solar Solutions Pvt Ltd,Pvt Ltd,UZECP1440N,32UZECP1440N5Z0,UDYAM-KL-08-3756643,Ernakulam,Kerala
Ananya Kulkarni,06-07-2000,+91 70863 37891,Vanguard Techno Fab LLP,LLP,NBNFV9291Z,36NBNFV9291Z2ZO,UDYAM-TS-26-7102704,Warangal,Telangana
Sneha Reddy,05-07-1970,+91 64825 61844,Trident Metal Castings LLP,LLP,WKRFT3142U,09WKRFT3142U8Z4,UDYAM-UP-35-9719428,Noida,Uttar Pradesh
Arjun Chauhan,17-02-1979,+91 76374 36708,Trident Polymers LLP,LLP,HBSFT5437G,32HBSFT5437G1ZE,UDYAM-KL-28-5538999,Ernakulam,Kerala
Neha Gupta,04-10-1984,+91 61746 37746,Matrix Bio Remedies Pvt Ltd,Pvt Ltd,IAUCM4376O,19IAUCM4376O7Z4,UDYAM-WB-03-2893179,Howrah,West Bengal
Meera Sharma,26-01-1970,+91 97713 55064,Vanguard Plastics Pvt Ltd,Pvt Ltd,QOTCV3279K,08QOTCV3279K3ZR,UDYAM-RJ-25-7797566,Jodhpur,Rajasthan
Rajesh Bose,13-10-1976,+91 67784 20836,Precision Bio Remedies Pvt Ltd,Pvt Ltd,VKACP9351E,33VKACP9351E8ZC,UDYAM-TN-33-9873448,Chennai,Tamil Nadu
Aarav Joshi,29-06-1988,+91 96643 98980,ZenPack Textiles LLP,LLP,UVJFZ2648W,08UVJFZ2648W9ZE,UDYAM-RJ-23-5853968,Udaipur,Rajasthan
Gaurav Das,30-11-1972,+91 95966 82005,Nova Polymers LLP,LLP,SCCFN8123J,09SCCFN8123J6Z8,UDYAM-UP-15-6418525,Kanpur,Uttar Pradesh
Rahul Singh,14-05-1993,+91 90634 40581,Vanguard Bio Remedies Enterprises,Enterprises,XGLPS2323I,32XGLPS2323I8ZQ,UDYAM-KL-04-9958218,Kozhikode,Kerala
Ananya Gupta,07-05-1997,+91 95881 07719,Nova Infotech Enterprises,Enterprises,NCGPG7595A,19NCGPG7595A1ZY,UDYAM-WB-29-8994770,Howrah,West Bengal
Siddharth Bose,13-04-1989,+91 78207 90428,Vanguard Logistics Pvt Ltd,Pvt Ltd,MGRCV8953B,27MGRCV8953B4Z4,UDYAM-MH-03-8099157,Nashik,Maharashtra
Tanvi Das,12-06-1999,+91 70823 72364,Vertex Agro Mills Pvt Ltd,Pvt Ltd,XDSCV8737B,27XDSCV8737B8ZZ,UDYAM-MH-32-8582059,Mumbai,Maharashtra
Arjun Nair,06-07-1975,+91 91358 96615,Shri Ganesh Bio Remedies Enterprises,Enterprises,YYGPN5030N,08YYGPN5030N3ZO,UDYAM-RJ-27-8185035,Kota,Rajasthan
Arjun Iyer,18-08-1983,+91 91701 43252,Surya Textiles LLP,LLP,CVEFS1950H,36CVEFS1950H3ZF,UDYAM-TS-07-1466717,Warangal,Telangana
Rohan Chauhan,22-09-1993,+91 64788 60350,Trident Infotech LLP,LLP,BIDFT7943C,27BIDFT7943C7Z6,UDYAM-MH-33-2457854,Nashik,Maharashtra
Arjun Gupta,08-04-1977,+91 75980 76863,ZenPack Logistics Enterprises,Enterprises,EYLPG6852K,19EYLPG6852K1Z3,UDYAM-WB-27-8704564,Siliguri,West Bengal
Sneha Mehta,29-08-1976,+91 85440 96567,Vanguard Polymers Enterprises,Enterprises,YDSPM9575X,29YDSPM9575X4Z5,UDYAM-KR-22-2578378,Bengaluru,Karnataka
Priya Kulkarni,06-12-1968,+91 67185 31348,Apex Logistics Enterprises,Enterprises,TVUPK1257L,27TVUPK1257L6Z0,UDYAM-MH-10-3770438,Nagpur,Maharashtra
Ananya Gupta,07-12-1994,+91 96165 38210,Pioneer Solar Solutions Enterprises,Enterprises,BPPPG2840F,29BPPPG2840F8ZK,UDYAM-KR-20-7301977,Mangaluru,Karnataka
Rahul Chatterjee,15-03-1969,+91 94810 18890,Matrix Polymers LLP,LLP,VLFFM1656L,29VLFFM1656L2ZT,UDYAM-KR-09-8136624,Hubballi,Karnataka
Siddharth Reddy,03-09-1993,+91 77643 84864,ZenPack Techno Fab Enterprises,Enterprises,JOXPR8240N,08JOXPR8240N5ZJ,UDYAM-RJ-06-4893214,Jodhpur,Rajasthan
Rahul Reddy,10-10-1968,+91 77283 88356,ZenPack Textiles LLP,LLP,XQZFZ3801D,29XQZFZ3801D7Z9,UDYAM-KR-34-4724231,Hubballi,Karnataka
Meera Iyer,27-05-1989,+91 72717 55323,ZenPack Techno Fab Enterprises,Enterprises,PAYPI2224W,19PAYPI2224W6ZX,UDYAM-WB-05-6473115,Kolkata,West Bengal
Sneha Reddy,03-09-1981,+91 79217 12696,Vanguard Logistics Pvt Ltd,Pvt Ltd,QXUCV4341B,27QXUCV4341B1ZI,UDYAM-MH-09-7535908,Nashik,Maharashtra
Siddharth Mehta,12-09-1982,+91 62788 38292,Vertex Logistics Enterprises,Enterprises,NHJPM3150S,32NHJPM3150S1ZS,UDYAM-KL-16-9079295,Ernakulam,Kerala
Pooja Nair,02-06-1975,+91 93016 55191,Lotus Infotech LLP,LLP,ABNFL7176J,27ABNFL7176J9ZD,UDYAM-MH-28-9337756,Nagpur,Maharashtra
Ananya Singh,03-03-1995,+91 99265 89046,Surya Plastics Enterprises,Enterprises,GJXPS8993S,33GJXPS8993S3Z3,UDYAM-TN-32-6258114,Chennai,Tamil Nadu
Neha Sharma,09-11-1985,+91 73143 91023,BlueCraft Logistics Enterprises,Enterprises,CGEPS3275Z,32CGEPS3275Z2Z8,UDYAM-KL-20-8268452,Kozhikode,Kerala
Tanvi Reddy,28-03-1978,+91 99715 83327,Matrix Metal Castings LLP,LLP,PSNFM1641D,08PSNFM1641D7ZC,UDYAM-RJ-16-5978602,Udaipur,Rajasthan
Rahul Joshi,16-12-1991,+91 91429 49662,EcoClean Gear Works Pvt Ltd,Pvt Ltd,MIYCE9397J,19MIYCE9397J5Z7,UDYAM-WB-31-6265460,Siliguri,West Bengal
Rajesh Verma,07-07-1974,+91 74928 20840,Matrix Techno Fab Enterprises,Enterprises,URPPV7889G,24URPPV7889G5Z8,UDYAM-GJ-29-2700519,Surat,Gujarat
Nikhil Reddy,02-02-1992,+91 92429 84332,Surya Logistics Pvt Ltd,Pvt Ltd,KNYCS5919L,33KNYCS5919L2ZA,UDYAM-TN-03-1302427,Coimbatore,Tamil Nadu
Rajesh Chauhan,20-10-1993,+91 96121 81447,Precision Gear Works Enterprises,Enterprises,CCRPC6024H,09CCRPC6024H5Z4,UDYAM-UP-10-5548007,Kanpur,Uttar Pradesh
Arjun Nair,26-03-1975,+91 81025 94777,Apex Metal Castings LLP,LLP,NTYFA7247O,19NTYFA7247O2ZO,UDYAM-WB-18-9793993,Howrah,West Bengal
Arjun Verma,21-04-1965,+91 81231 15077,Lotus Agro Mills Pvt Ltd,Pvt Ltd,BSGCL1983O,33BSGCL1983O4Z7,UDYAM-TN-12-3700562,Coimbatore,Tamil Nadu
Ananya Joshi,07-05-1986,+91 82635 40787,Evergreen Metal Castings Pvt Ltd,Pvt Ltd,WKICE9645Q,32WKICE9645Q5ZQ,UDYAM-KL-17-2922172,Ernakulam,Kerala
Nikhil Singh,04-11-1992,+91 75683 58749,Evergreen Agro Mills LLP,LLP,REIFE7892V,24REIFE7892V4ZJ,UDYAM-GJ-19-2130301,Rajkot,Gujarat
Arjun Singh,16-04-1971,+91 84140 34483,Pioneer Metal Castings Pvt Ltd,Pvt Ltd,YDICP2422R,23YDICP2422R3Z8,UDYAM-MP-08-3704710,Bhopal,Madhya Pradesh
Pooja Joshi,27-10-2000,+91 81325 63557,Matrix Infotech LLP,LLP,KRHFM1102Z,19KRHFM1102Z1Z5,UDYAM-WB-17-4048286,Siliguri,West Bengal
Arjun Nair,25-12-1968,+91 64134 09151,Shri Ganesh Polymers Enterprises,Enterprises,ZKRPN5525O,09ZKRPN5525O8ZV,UDYAM-UP-04-2195456,Varanasi,Uttar Pradesh
Aarav Chatterjee,27-09-1997,+91 95262 87531,EcoClean Solar Solutions Enterprises,Enterprises,OIJPC4295Z,33OIJPC4295Z5ZJ,UDYAM-TN-19-6949664,Coimbatore,Tamil Nadu
Priya Kulkarni,20-10-1997,+91 85670 01269,Surya Polymers LLP,LLP,EIJFS7298T,32EIJFS7298T5ZD,UDYAM-KL-02-5024479,Ernakulam,Kerala
Sneha Iyer,08-06-1994,+91 87063 30183,Trident Techno Fab LLP,LLP,PPRFT3156D,27PPRFT3156D7Z4,UDYAM-MH-30-2638274,Mumbai,Maharashtra
Priya Gupta,25-05-1989,+91 73835 36184,Precision Techno Fab Enterprises,Enterprises,AYDPG1282X,24AYDPG1282X1Z9,UDYAM-GJ-32-7664588,Ahmedabad,Gujarat
Sneha Chatterjee,01-06-1968,+91 69369 46338,Vertex Polymers LLP,LLP,DNSFV9403E,09DNSFV9403E4ZK,UDYAM-UP-33-6173168,Kanpur,Uttar Pradesh
Gaurav Patel,27-08-1994,+91 74696 30402,Vanguard Metal Castings Enterprises,Enterprises,PFJPP4523A,36PFJPP4523A5ZI,UDYAM-TS-01-9019998,Warangal,Telangana
Arjun Reddy,15-10-1986,+91 93263 01508,Vanguard Textiles Pvt Ltd,Pvt Ltd,LFBCV9944U,09LFBCV9944U4ZM,UDYAM-UP-03-5036335,Noida,Uttar Pradesh
Sneha Chatterjee,02-09-1999,+91 64770 68963,Vanguard Polymers Pvt Ltd,Pvt Ltd,JHOCV4221G,24JHOCV4221G2ZW,UDYAM-GJ-32-6575759,Rajkot,Gujarat
Ananya Mehta,23-05-1992,+91 72896 64754,Trident Textiles LLP,LLP,JCBFT5465S,19JCBFT5465S2ZW,UDYAM-WB-12-6932796,Kolkata,West Bengal
Meera Chauhan,18-01-1985,+91 88520 07422,ZenPack Logistics Pvt Ltd,Pvt Ltd,VRUCZ1454T,36VRUCZ1454T7ZD,UDYAM-TS-19-7061054,Nizamabad,Telangana
Neha Kulkarni,21-05-1973,+91 90268 56498,Pioneer Plastics Pvt Ltd,Pvt Ltd,KZSCP9805Y,08KZSCP9805Y5ZW,UDYAM-RJ-29-9242659,Kota,Rajasthan
Rohan Gupta,02-02-1990,+91 88876 96349,Precision Logistics LLP,LLP,KWNFP7652A,23KWNFP7652A4ZG,UDYAM-MP-05-2730437,Indore,Madhya Pradesh
Arjun Chauhan,04-10-1991,+91 72732 19292,Apex Techno Fab LLP,LLP,MHXFA7618U,24MHXFA7618U8ZM,UDYAM-GJ-34-9899462,Vadodara,Gujarat
Rohan Iyer,06-04-2001,+91 87659 13504,BlueCraft Plastics Pvt Ltd,Pvt Ltd,RCWCB9375H,33RCWCB9375H1ZG,UDYAM-TN-11-6140852,Chennai,Tamil Nadu
Neha Patel,02-08-1998,+91 78782 77741,Shri Ganesh Metal Castings Pvt Ltd,Pvt Ltd,IEUCS9766O,19IEUCS9766O4ZA,UDYAM-WB-18-5311964,Howrah,West Bengal
Gaurav Patel,12-12-1969,+91 99117 28150,Trident Infotech LLP,LLP,UTTFT2611R,09UTTFT2611R5ZX,UDYAM-UP-29-3173085,Lucknow,Uttar Pradesh
Aarav Bose,19-11-1999,+91 82163 85888,Trident Metal Castings Enterprises,Enterprises,VEMPB1169Z,33VEMPB1169Z5ZV,UDYAM-TN-29-4478039,Chennai,Tamil Nadu
Pooja Chauhan,09-02-1983,+91 64815 98996,Nova Infotech LLP,LLP,XUWFN7521P,19XUWFN7521P5Z9,UDYAM-WB-23-1267636,Siliguri,West Bengal
Rohan Das,01-11-1986,+91 71574 64647,Vanguard Agro Mills LLP,LLP,BDUFV8177Q,36BDUFV8177Q9ZX,UDYAM-TS-17-1100275,Warangal,Telangana
Pooja Das,13-10-1978,+91 74195 03169,Apex Polymers Pvt Ltd,Pvt Ltd,NKYCA6114B,27NKYCA6114B3ZI,UDYAM-MH-06-9733881,Nashik,Maharashtra
Nikhil Gupta,31-05-1986,+91 62812 01195,Pioneer Bio Remedies Enterprises,Enterprises,JREPG6270H,09JREPG6270H4ZE,UDYAM-UP-19-6141870,Varanasi,Uttar Pradesh
Rahul Bose,12-07-1998,+91 85738 00017,Lotus Logistics LLP,LLP,CCBFL3440B,36CCBFL3440B5Z1,UDYAM-TS-33-2019142,Nizamabad,Telangana
Ananya Nair,13-11-1978,+91 62503 10729,BlueCraft Metal Castings LLP,LLP,QGEFB4479L,33QGEFB4479L7ZI,UDYAM-TN-17-8815069,Madurai,Tamil Nadu
Ananya Das,08-04-1987,+91 78184 58262,Lotus Agro Mills Pvt Ltd,Pvt Ltd,PHPCL9398P,08PHPCL9398P5ZG,UDYAM-RJ-21-6454717,Jaipur,Rajasthan
Rahul Chatterjee,12-09-1976,+91 65286 33653,EcoClean Metal Castings Pvt Ltd,Pvt Ltd,SEBCE6326J,33SEBCE6326J3ZM,UDYAM-TN-29-6049383,Salem,Tamil Nadu
Gaurav Singh,27-08-1969,+91 81241 00518,Apex Infotech Enterprises,Enterprises,CCLPS7832Y,19CCLPS7832Y3Z2,UDYAM-WB-11-5427832,Howrah,West Bengal
Siddharth Iyer,03-01-1996,+91 76171 41567,EcoClean Solar Solutions Enterprises,Enterprises,FUGPI6411O,29FUGPI6411O5ZP,UDYAM-KR-02-9779547,Mysuru,Karnataka
Arjun Chauhan,10-06-1969,+91 84955 23420,Matrix Plastics Enterprises,Enterprises,HHGPC7661E,32HHGPC7661E3ZA,UDYAM-KL-04-1352676,Kozhikode,Kerala
Priya Singh,05-05-1983,+91 71335 61813,Precision Bio Remedies Enterprises,Enterprises,SVVPS6003H,24SVVPS6003H3ZM,UDYAM-GJ-17-6848105,Ahmedabad,Gujarat
Sneha Nair,11-05-1989,+91 74815 38922,Pioneer Textiles Pvt Ltd,Pvt Ltd,XXNCP2924B,23XXNCP2924B8ZA,UDYAM-MP-24-3203129,Indore,Madhya Pradesh
Tanvi Verma,22-04-1982,+91 66020 61389,Vertex Techno Fab Pvt Ltd,Pvt Ltd,AAXCV8260F,29AAXCV8260F3ZF,UDYAM-KR-25-6820714,Hubballi,Karnataka
Rahul Mehta,21-12-1999,+91 87642 20499,Nova Gear Works Enterprises,Enterprises,ULMPM6834E,27ULMPM6834E8ZH,UDYAM-MH-27-6522130,Nashik,Maharashtra
Pooja Gupta,06-02-1991,+91 77946 62166,ZenPack Agro Mills Enterprises,Enterprises,VRYPG7845F,32VRYPG7845F7Z8,UDYAM-KL-18-4377884,Kozhikode,Kerala
Arjun Mehta,13-02-1985,+91 70474 65250,Vertex Solar Solutions Pvt Ltd,Pvt Ltd,NETCV9183U,24NETCV9183U9Z0,UDYAM-GJ-06-5619901,Surat,Gujarat
Neha Sharma,20-08-1988,+91 86349 04349,Trident Agro Mills Enterprises,Enterprises,INEPS3240A,27INEPS3240A8ZP,UDYAM-MH-24-4719951,Pune,Maharashtra
Rohan Mehta,05-03-1965,+91 94709 76339,Surya Techno Fab Enterprises,Enterprises,QLZPM4697T,23QLZPM4697T8Z6,UDYAM-MP-13-7252815,Bhopal,Madhya Pradesh
Aarav Bose,31-07-1979,+91 78086 40904,Trident Logistics Pvt Ltd,Pvt Ltd,VSBCT2977X,23VSBCT2977X5ZZ,UDYAM-MP-16-1079552,Bhopal,Madhya Pradesh
Arjun Mehta,02-12-1996,+91 70632 50513,Vertex Infotech LLP,LLP,EZIFV2118R,19EZIFV2118R8ZZ,UDYAM-WB-28-7765746,Siliguri,West Bengal
Sneha Mehta,13-07-2002,+91 79490 41540,Vertex Techno Fab Enterprises,Enterprises,UQVPM9761Z,33UQVPM9761Z2Z6,UDYAM-TN-04-8384796,Madurai,Tamil Nadu
Tanvi Sharma,06-08-1982,+91 71646 06140,Nova Logistics Pvt Ltd,Pvt Ltd,TYKCN5150V,08TYKCN5150V2ZR,UDYAM-RJ-12-6532921,Jaipur,Rajasthan
Ananya Nair,20-06-1983,+91 66767 93784,Shri Ganesh Techno Fab Enterprises,Enterprises,XRDPN1067H,27XRDPN1067H4ZO,UDYAM-MH-34-7981571,Nashik,Maharashtra
Rohan Reddy,14-01-1995,+91 73993 77347,Vertex Logistics Enterprises,Enterprises,NHQPR1012K,23NHQPR1012K6Z7,UDYAM-MP-35-3669499,Indore,Madhya Pradesh
Pooja Chatterjee,30-12-1981,+91 94589 95594,Vanguard Logistics Pvt Ltd,Pvt Ltd,YHKCV9329B,09YHKCV9329B6ZA,UDYAM-UP-19-2627172,Lucknow,Uttar Pradesh
Meera Verma,28-05-1987,+91 67153 77217,EcoClean Infotech LLP,LLP,JNOFE9672R,24JNOFE9672R4ZF,UDYAM-GJ-08-5153243,Ahmedabad,Gujarat
Meera Bose,28-05-1973,+91 81643 11174,ZenPack Logistics Enterprises,Enterprises,JABPB4480C,09JABPB4480C2Z7,UDYAM-UP-31-8892898,Lucknow,Uttar Pradesh
Neha Das,04-06-1976,+91 78976 94566,Surya Techno Fab LLP,LLP,PITFS8535G,29PITFS8535G6ZP,UDYAM-KR-22-3735640,Mangaluru,Karnataka
Meera Patel,25-11-1974,+91 91630 07512,Precision Agro Mills Pvt Ltd,Pvt Ltd,UGRCP7644T,09UGRCP7644T8ZT,UDYAM-UP-07-2603309,Varanasi,Uttar Pradesh
Gaurav Bose,05-06-1979,+91 68465 58727,Apex Textiles LLP,LLP,NEKFA5988O,23NEKFA5988O4Z2,UDYAM-MP-19-1380982,Bhopal,Madhya Pradesh
Vikram Singh,29-11-1977,+91 84397 04497,Evergreen Gear Works LLP,LLP,VJGFE6188K,19VJGFE6188K7ZK,UDYAM-WB-31-6524910,Siliguri,West Bengal
Siddharth Kulkarni,11-05-1976,+91 93523 53143,Lotus Agro Mills Pvt Ltd,Pvt Ltd,OFECL5426I,29OFECL5426I7ZC,UDYAM-KR-07-3291101,Mysuru,Karnataka
Pooja Patel,28-06-1992,+91 74667 84784,Vanguard Gear Works Enterprises,Enterprises,FUPPP9320V,27FUPPP9320V8ZQ,UDYAM-MH-10-6264962,Pune,Maharashtra
Rohan Verma,16-07-1967,+91 89462 80070,ZenPack Metal Castings Enterprises,Enterprises,UTAPV2283X,29UTAPV2283X8Z5,UDYAM-KR-14-3399874,Mysuru,Karnataka
Nikhil Bose,29-03-1987,+91 62548 54740,Surya Polymers LLP,LLP,ZLRFS9921S,33ZLRFS9921S2ZK,UDYAM-TN-08-7146788,Coimbatore,Tamil Nadu
Arjun Reddy,15-07-1965,+91 78947 70884,Nova Polymers LLP,LLP,LEWFN8493B,08LEWFN8493B3ZC,UDYAM-RJ-19-5767365,Jodhpur,Rajasthan
Rohan Bose,20-11-1991,+91 83111 66832,Apex Bio Remedies Enterprises,Enterprises,ZBMPB5141J,29ZBMPB5141J1Z4,UDYAM-KR-24-8247693,Bengaluru,Karnataka
Siddharth Reddy,10-04-1978,+91 65366 99742,Apex Textiles Pvt Ltd,Pvt Ltd,TTECA7562I,09TTECA7562I8ZO,UDYAM-UP-24-3990878,Varanasi,Uttar Pradesh
Rajesh Sharma,28-11-1985,+91 61322 75410,Precision Logistics Pvt Ltd,Pvt Ltd,RXYCP8196L,09RXYCP8196L7ZA,UDYAM-UP-18-7654402,Noida,Uttar Pradesh
Arjun Chauhan,14-04-1988,+91 99070 45268,Matrix Polymers LLP,LLP,KCLFM7637Q,09KCLFM7637Q8Z3,UDYAM-UP-23-1977557,Noida,Uttar Pradesh
Arjun Joshi,25-08-1977,+91 97467 86860,Lotus Agro Mills Enterprises,Enterprises,DWMPJ9481E,27DWMPJ9481E2ZI,UDYAM-MH-01-1591740,Mumbai,Maharashtra
Rohan Chauhan,26-07-1974,+91 84548 91900,EcoClean Infotech LLP,LLP,FTLFE1078S,24FTLFE1078S4ZA,UDYAM-GJ-03-9373358,Ahmedabad,Gujarat
Rajesh Nair,03-05-1992,+91 75369 33351,Evergreen Polymers Enterprises,Enterprises,JMRPN3383G,33JMRPN3383G3ZT,UDYAM-TN-14-6102402,Madurai,Tamil Nadu
Nikhil Reddy,17-11-1990,+91 72165 97342,Surya Textiles LLP,LLP,LCRFS6084A,33LCRFS6084A6Z7,UDYAM-TN-32-3928621,Salem,Tamil Nadu
Sneha Reddy,05-10-1993,+91 89991 98023,Shri Ganesh Infotech Pvt Ltd,Pvt Ltd,SNHCS4634D,36SNHCS4634D5ZA,UDYAM-TS-25-6007087,Hyderabad,Telangana
Pooja Verma,18-08-1980,+91 67542 51998,Nova Techno Fab Enterprises,Enterprises,PIAPV9103G,36PIAPV9103G8ZT,UDYAM-TS-31-1508072,Hyderabad,Telangana
Pooja Chatterjee,24-03-1978,+91 90222 85312,Vertex Plastics Enterprises,Enterprises,LUAPC3116G,36LUAPC3116G6ZA,UDYAM-TS-07-4756251,Warangal,Telangana
Rahul Chatterjee,27-05-1979,+91 68157 59077,ZenPack Techno Fab Pvt Ltd,Pvt Ltd,VIACZ4615G,27VIACZ4615G2ZR,UDYAM-MH-32-5880325,Nashik,Maharashtra
Neha Chatterjee,11-09-1985,+91 65765 05096,Precision Solar Solutions Enterprises,Enterprises,LQEPC3852S,09LQEPC3852S2ZE,UDYAM-UP-13-7647649,Noida,Uttar Pradesh
Vikram Patel,20-11-1984,+91 89084 96564,Pioneer Techno Fab LLP,LLP,LJPFP4031G,19LJPFP4031G4ZT,UDYAM-WB-02-9285985,Siliguri,West Bengal
Vikram Patel,18-07-1991,+91 79888 34875,Pioneer Gear Works Enterprises,Enterprises,CKZPP1534Q,32CKZPP1534Q8Z7,UDYAM-KL-34-2240589,Kozhikode,Kerala
Priya Patel,05-09-1976,+91 97969 45101,Shri Ganesh Metal Castings Pvt Ltd,Pvt Ltd,VISCS9164O,08VISCS9164O4ZI,UDYAM-RJ-34-2566460,Kota,Rajasthan
Priya Sharma,04-06-1965,+91 84402 20187,BlueCraft Plastics Pvt Ltd,Pvt Ltd,KGHCB3127N,27KGHCB3127N4ZR,UDYAM-MH-23-9169910,Pune,Maharashtra
Aarav Singh,11-10-1993,+91 90972 84727,BlueCraft Logistics LLP,LLP,YVLFB4694S,08YVLFB4694S3Z7,UDYAM-RJ-29-4074905,Jaipur,Rajasthan
Priya Chauhan,24-09-1970,+91 91010 99584,Shri Ganesh Polymers LLP,LLP,KDRFS5059T,36KDRFS5059T3Z8,UDYAM-TS-18-1995396,Nizamabad,Telangana
Priya Bose,26-01-1999,+91 69986 77140,Precision Techno Fab LLP,LLP,RGFFP9013M,27RGFFP9013M7ZN,UDYAM-MH-20-1508522,Nashik,Maharashtra
Pooja Kulkarni,06-04-1999,+91 61209 05598,Pioneer Agro Mills Pvt Ltd,Pvt Ltd,UBUCP1363A,08UBUCP1363A9ZN,UDYAM-RJ-23-9424292,Kota,Rajasthan
Vikram Das,14-03-1980,+91 98149 46241,Trident Textiles Enterprises,Enterprises,XQFPD6493Y,23XQFPD6493Y4ZR,UDYAM-MP-29-1860821,Gwalior,Madhya Pradesh
Vikram Nair,01-08-1987,+91 74565 09018,Nova Gear Works Enterprises,Enterprises,INBPN8810I,09INBPN8810I8ZS,UDYAM-UP-17-7380218,Varanasi,Uttar Pradesh
Rajesh Verma,05-10-2000,+91 97030 92777,Apex Polymers LLP,LLP,HIKFA6240G,36HIKFA6240G2Z5,UDYAM-TS-14-6836126,Hyderabad,Telangana
Tanvi Sharma,11-04-1979,+91 78862 57569,Pioneer Agro Mills Enterprises,Enterprises,GVOPS5782J,33GVOPS5782J3ZE,UDYAM-TN-24-7494944,Chennai,Tamil Nadu
Priya Sharma,24-09-2000,+91 96486 42334,Surya Agro Mills Enterprises,Enterprises,YKMPS4459T,19YKMPS4459T6ZC,UDYAM-WB-22-2522080,Durgapur,West Bengal
Sneha Das,13-04-1978,+91 84507 05567,Vertex Logistics Pvt Ltd,Pvt Ltd,OTLCV2518Q,36OTLCV2518Q9ZE,UDYAM-TS-18-8183667,Hyderabad,Telangana
Aarav Sharma,30-12-1976,+91 76041 97562,Vanguard Techno Fab Pvt Ltd,Pvt Ltd,RQACV2045X,33RQACV2045X7Z3,UDYAM-TN-35-6382846,Chennai,Tamil Nadu
Ananya Singh,16-07-1983,+91 91296 33322,Trident Solar Solutions Pvt Ltd,Pvt Ltd,QDWCT6940S,27QDWCT6940S1Z4,UDYAM-MH-18-7893461,Nashik,Maharashtra
Arjun Verma,06-07-1997,+91 60346 64981,ZenPack Techno Fab Enterprises,Enterprises,LDIPV3022A,19LDIPV3022A9ZV,UDYAM-WB-32-1025194,Howrah,West Bengal
Aarav Nair,14-01-1986,+91 95018 72438,ZenPack Gear Works LLP,LLP,UBTFZ4571L,09UBTFZ4571L2Z6,UDYAM-UP-01-2557769,Noida,Uttar Pradesh
Vikram Chatterjee,13-02-1973,+91 74517 31579,BlueCraft Agro Mills Pvt Ltd,Pvt Ltd,FMHCB7711P,24FMHCB7711P8Z9,UDYAM-GJ-07-6407957,Surat,Gujarat
Sneha Chatterjee,18-02-1986,+91 60236 30860,Matrix Logistics LLP,LLP,WTWFM3225T,23WTWFM3225T8ZG,UDYAM-MP-05-6998136,Jabalpur,Madhya Pradesh
Siddharth Gupta,01-02-1974,+91 67834 90990,Pioneer Bio Remedies Enterprises,Enterprises,XPMPG4915I,23XPMPG4915I2ZA,UDYAM-MP-35-4563767,Gwalior,Madhya Pradesh
Aarav Das,11-11-1978,+91 61367 59749,Vertex Solar Solutions Enterprises,Enterprises,YPCPD8051L,09YPCPD8051L4ZX,UDYAM-UP-28-7124934,Lucknow,Uttar Pradesh
Rajesh Sharma,03-03-1974,+91 87340 06669,ZenPack Logistics Pvt Ltd,Pvt Ltd,NCACZ3133J,24NCACZ3133J8Z7,UDYAM-GJ-28-2958141,Ahmedabad,Gujarat
Rahul Singh,14-03-2000,+91 91858 66406,Vanguard Gear Works Enterprises,Enterprises,KUPPS9805U,27KUPPS9805U4Z9,UDYAM-MH-02-7883261,Mumbai,Maharashtra
Priya Bose,25-12-1970,+91 60421 26318,Pioneer Polymers Enterprises,Enterprises,JVQPB5487R,19JVQPB5487R8ZE,UDYAM-WB-14-1896290,Kolkata,West Bengal
Rohan Chatterjee,09-12-1983,+91 86406 37859,Trident Techno Fab Enterprises,Enterprises,FEOPC2557H,24FEOPC2557H8Z7,UDYAM-GJ-28-6636966,Rajkot,Gujarat
Tanvi Chatterjee,14-03-1988,+91 82543 89563,Pioneer Gear Works Pvt Ltd,Pvt Ltd,XFVCP5877D,29XFVCP5877D1ZC,UDYAM-KR-03-8627186,Mangaluru,Karnataka
Sneha Sharma,12-07-1973,+91 93469 49014,Nova Bio Remedies LLP,LLP,DRCFN3846I,23DRCFN3846I6ZV,UDYAM-MP-26-8846761,Jabalpur,Madhya Pradesh
Pooja Singh,16-02-1966,+91 97376 59711,Vertex Plastics LLP,LLP,GXQFV7165R,24GXQFV7165R2ZM,UDYAM-GJ-19-1996740,Surat,Gujarat
Aarav Iyer,25-07-1993,+91 92665 48369,Apex Textiles LLP,LLP,BSAFA4129E,09BSAFA4129E9ZT,UDYAM-UP-10-7237846,Kanpur,Uttar Pradesh
Priya Chatterjee,12-06-1968,+91 78841 28386,Surya Bio Remedies Pvt Ltd,Pvt Ltd,WQJCS1970R,27WQJCS1970R9ZL,UDYAM-MH-24-6353968,Mumbai,Maharashtra
Ananya Verma,30-03-2001,+91 80195 53360,EcoClean Textiles Pvt Ltd,Pvt Ltd,FWGCE8771B,09FWGCE8771B3Z1,UDYAM-UP-09-4219156,Lucknow,Uttar Pradesh
Rohan Singh,12-06-1983,+91 91260 71617,Nova Textiles Pvt Ltd,Pvt Ltd,HJQCN8446Q,08HJQCN8446Q9Z7,UDYAM-RJ-04-2878466,Udaipur,Rajasthan
Vikram Nair,19-10-1968,+91 92049 98825,Pioneer Metal Castings Enterprises,Enterprises,GDVPN7515P,29GDVPN7515P7ZH,UDYAM-KR-23-1403829,Mysuru,Karnataka
Sneha Bose,10-05-1980,+91 79521 30353,Nova Bio Remedies LLP,LLP,ELRFN2762K,27ELRFN2762K4ZV,UDYAM-MH-20-9216640,Nagpur,Maharashtra
Rahul Das,05-08-2002,+91 89903 39633,Nova Bio Remedies LLP,LLP,GAXFN7043Y,36GAXFN7043Y9Z7,UDYAM-TS-26-7145449,Warangal,Telangana
Rohan Joshi,04-07-1989,+91 93565 14928,Apex Metal Castings LLP,LLP,ZXHFA9071T,27ZXHFA9071T2ZV,UDYAM-MH-33-5634658,Nashik,Maharashtra
Aarav Kulkarni,21-09-1985,+91 96400 33849,ZenPack Gear Works Enterprises,Enterprises,ULTPK4900E,32ULTPK4900E8Z9,UDYAM-KL-23-1201317,Thiruvananthapuram,Kerala
Priya Chatterjee,19-12-1992,+91 79775 05696,Shri Ganesh Solar Solutions LLP,LLP,WQZFS5771Y,09WQZFS5771Y7ZJ,UDYAM-UP-21-7356893,Noida,Uttar Pradesh
Vikram Nair,11-07-1982,+91 99334 27805,Precision Bio Remedies Pvt Ltd,Pvt Ltd,XMPCP2046M,27XMPCP2046M8ZI,UDYAM-MH-05-6388737,Nagpur,Maharashtra
